Path,Class,Label
data/train/adrenaline_rush_citrus_buff-can-0.5/12d42a94-a9e5-4d8e-9871-f60a64662437_1698_1630_151_402.png,adrenaline_rush_citrus_buff-can-0.5,0
data/train/adrenaline_rush_citrus_buff-can-0.5/12d42a94-a9e5-4d8e-9871-f60a64662437_1541_1617_152_402.png,adrenaline_rush_citrus_buff-can-0.5,0
data/train/adrenaline_rush_citrus_buff-can-0.5/12d42a94-a9e5-4d8e-9871-f60a64662437_1389_1604_149_399.png,adrenaline_rush_citrus_buff-can-0.5,0
data/train/adrenaline_rush_citrus_buff-can-0.5/12d42a94-a9e5-4d8e-9871-f60a64662437_1853_1637_156_409.png,adrenaline_rush_citrus_buff-can-0.5,0
data/train/adrenaline_rush_citrus_buff-can-0.5/69740acc-e969-4eac-b004-f4d60caf2187_2534_898_142_413.png,adrenaline_rush_citrus_buff-can-0.5,0
data/train/adrenaline_rush_citrus_buff-can-0.5/69740acc-e969-4eac-b004-f4d60caf2187_2393_894_136_412.png,adrenaline_rush_citrus_buff-can-0.5,0
data/train/adrenaline_rush_citrus_buff-can-0.5/e727d3d2-3887-4703-952a-8ba1523f4523_1145_1359_215_478.png,adrenaline_rush_citrus_buff-can-0.5,0
data/train/adrenaline_rush_citrus_buff-can-0.5/9a98e7ff-2f29-42c4-9144-224722fb0a1f_1635_1302_161_425.png,adrenaline_rush_citrus_buff-can-0.5,0
data/train/adrenaline_rush_citrus_buff-can-0.5/e5265988-2efa-4dc8-9e89-f2769b501a86_2581_1272_183_454.png,adrenaline_rush_citrus_buff-can-0.5,0
data/train/adrenaline_rush_citrus_buff-can-0.5/ec6e9aad-783e-47d7-8073-6ca2735672df_2562_1073_134_391.png,adrenaline_rush_citrus_buff-can-0.5,0
data/train/adrenaline_rush_citrus_buff-can-0.5/f96d575f-5448-440f-bb6f-d4c17a465d54_842_1525_165_420.png,adrenaline_rush_citrus_buff-can-0.5,0
data/train/adrenaline_rush_citrus_buff-can-0.5/395ecc32-2a1e-44ba-81a3-2fed75a928ed_1833_1330_187_470.png,adrenaline_rush_citrus_buff-can-0.5,0
data/train/adrenaline_rush_citrus_buff-can-0.5/62e5abcf-40a9-4a4b-bb4e-92c23945f31b_1940_1266_159_445.png,adrenaline_rush_citrus_buff-can-0.5,0
data/train/adrenaline_rush_citrus_buff-can-0.5/fc227ef7-6851-4054-8ebc-0005dded3c3d_1636_1946_275_796.png,adrenaline_rush_citrus_buff-can-0.5,0
data/train/adrenaline_rush_citrus_buff-can-0.5/fc227ef7-6851-4054-8ebc-0005dded3c3d_1093_1852_258_744.png,adrenaline_rush_citrus_buff-can-0.5,0
data/train/adrenaline_rush_citrus_buff-can-0.5/msg1235979315-72437.png,adrenaline_rush_citrus_buff-can-0.5,0
data/train/adrenaline_rush_citrus_buff-can-0.5/msg1235979315-72439.png,adrenaline_rush_citrus_buff-can-0.5,0
data/train/adrenaline_rush_citrus_buff-can-0.5/msg1235979315-72455.png,adrenaline_rush_citrus_buff-can-0.5,0
data/train/adrenaline_rush_citrus_buff-can-0.5/msg1235979315-72456.png,adrenaline_rush_citrus_buff-can-0.5,0
data/train/adrenaline_rush_citrus_buff-can-0.5/msg1235979315-72454.png,adrenaline_rush_citrus_buff-can-0.5,0
data/train/adrenaline_rush_citrus_buff-can-0.5/msg1235979315-72453.png,adrenaline_rush_citrus_buff-can-0.5,0
data/train/adrenaline_rush_citrus_buff-can-0.5/msg1235979315-72457.png,adrenaline_rush_citrus_buff-can-0.5,0
data/train/adrenaline_rush_citrus_buff-can-0.5/msg1235979315-72452.png,adrenaline_rush_citrus_buff-can-0.5,0
data/train/adrenaline_rush_citrus_buff-can-0.5/msg1235979315-72450.png,adrenaline_rush_citrus_buff-can-0.5,0
data/train/adrenaline_rush_citrus_buff-can-0.5/msg1235979315-72451.png,adrenaline_rush_citrus_buff-can-0.5,0
data/train/adrenaline_rush_citrus_buff-can-0.5/msg1235979315-72449.png,adrenaline_rush_citrus_buff-can-0.5,0
data/train/adrenaline_rush_citrus_buff-can-0.5/msg1235979315-72443.png,adrenaline_rush_citrus_buff-can-0.5,0
data/train/adrenaline_rush_citrus_buff-can-0.5/msg1235979315-72445.png,adrenaline_rush_citrus_buff-can-0.5,0
data/train/adrenaline_rush_citrus_buff-can-0.5/msg1235979315-72444.png,adrenaline_rush_citrus_buff-can-0.5,0
data/train/adrenaline_rush_citrus_buff-can-0.5/msg1235979315-72448.png,adrenaline_rush_citrus_buff-can-0.5,0
data/train/adrenaline_rush_citrus_buff-can-0.5/msg1235979315-72442.png,adrenaline_rush_citrus_buff-can-0.5,0
data/train/adrenaline_rush_citrus_buff-can-0.5/msg1235979315-72441.png,adrenaline_rush_citrus_buff-can-0.5,0
data/train/adrenaline_rush_citrus_buff-can-0.5/msg1235979315-72438.png,adrenaline_rush_citrus_buff-can-0.5,0
data/train/adrenaline_rush_citrus_buff-can-0.5/msg1235979315-72440.png,adrenaline_rush_citrus_buff-can-0.5,0
data/train/adrenaline_rush_citrus_buff-can-0.5/msg1235979315-72473.png,adrenaline_rush_citrus_buff-can-0.5,0
data/train/adrenaline_rush_citrus_buff-can-0.5/msg1235979315-72470.png,adrenaline_rush_citrus_buff-can-0.5,0
data/train/adrenaline_rush_citrus_buff-can-0.5/msg1235979315-72469.png,adrenaline_rush_citrus_buff-can-0.5,0
data/train/adrenaline_rush_citrus_buff-can-0.5/msg1235979315-72465.png,adrenaline_rush_citrus_buff-can-0.5,0
data/train/adrenaline_rush_citrus_buff-can-0.5/msg1235979315-72463.png,adrenaline_rush_citrus_buff-can-0.5,0
data/train/adrenaline_rush_citrus_buff-can-0.5/msg1235979315-72462.png,adrenaline_rush_citrus_buff-can-0.5,0
data/train/adrenaline_rush_citrus_buff-can-0.5/msg1235979315-72467.png,adrenaline_rush_citrus_buff-can-0.5,0
data/train/adrenaline_rush_citrus_buff-can-0.5/msg1235979315-72464.png,adrenaline_rush_citrus_buff-can-0.5,0
data/train/adrenaline_rush_citrus_buff-can-0.5/msg1235979315-72468.png,adrenaline_rush_citrus_buff-can-0.5,0
data/train/adrenaline_rush_citrus_buff-can-0.5/msg1235979315-72459.png,adrenaline_rush_citrus_buff-can-0.5,0
data/train/adrenaline_rush_citrus_buff-can-0.5/20_2.png,adrenaline_rush_citrus_buff-can-0.5,0
data/train/adrenaline_rush_citrus_buff-can-0.5/36_0.png,adrenaline_rush_citrus_buff-can-0.5,0
data/train/adrenaline_rush_citrus_buff-can-0.5/34_1.png,adrenaline_rush_citrus_buff-can-0.5,0
data/train/adrenaline_rush_citrus_buff-can-0.5/17_0.png,adrenaline_rush_citrus_buff-can-0.5,0
data/train/adrenaline_rush_citrus_buff-can-0.5/13_0.png,adrenaline_rush_citrus_buff-can-0.5,0
data/train/adrenaline_rush_citrus_buff-can-0.5/25_2.png,adrenaline_rush_citrus_buff-can-0.5,0
data/train/adrenaline_rush_citrus_buff-can-0.5/39_0.png,adrenaline_rush_citrus_buff-can-0.5,0
data/train/adrenaline_rush_citrus_buff-can-0.5/30_0.png,adrenaline_rush_citrus_buff-can-0.5,0
data/train/adrenaline_rush_citrus_buff-can-0.5/22_1.png,adrenaline_rush_citrus_buff-can-0.5,0
data/train/adrenaline_rush_citrus_buff-can-0.5/11_1.png,adrenaline_rush_citrus_buff-can-0.5,0
data/train/adrenaline_rush_citrus_buff-can-0.5/19_0.png,adrenaline_rush_citrus_buff-can-0.5,0
data/train/adrenaline_rush_citrus_buff-can-0.5/0_0.png,adrenaline_rush_citrus_buff-can-0.5,0
data/train/adrenaline_rush_citrus_buff-can-0.5/18_0.png,adrenaline_rush_citrus_buff-can-0.5,0
data/train/adrenaline_rush_citrus_buff-can-0.5/15_2.png,adrenaline_rush_citrus_buff-can-0.5,0
data/train/adrenaline_rush_citrus_buff-can-0.5/26_2.png,adrenaline_rush_citrus_buff-can-0.5,0
data/train/adrenaline_rush_citrus_buff-can-0.5/15_0.png,adrenaline_rush_citrus_buff-can-0.5,0
data/train/adrenaline_rush_citrus_buff-can-0.5/9_2.png,adrenaline_rush_citrus_buff-can-0.5,0
data/train/adrenaline_rush_citrus_buff-can-0.5/24_0.png,adrenaline_rush_citrus_buff-can-0.5,0
data/train/adrenaline_rush_citrus_buff-can-0.5/5_2.png,adrenaline_rush_citrus_buff-can-0.5,0
data/train/adrenaline_rush_citrus_buff-can-0.5/2_2.png,adrenaline_rush_citrus_buff-can-0.5,0
data/train/adrenaline_rush_citrus_buff-can-0.5/16_2.png,adrenaline_rush_citrus_buff-can-0.5,0
data/train/adrenaline_rush_citrus_buff-can-0.5/23_2.png,adrenaline_rush_citrus_buff-can-0.5,0
data/train/adrenaline_rush_citrus_buff-can-0.5/19_2.png,adrenaline_rush_citrus_buff-can-0.5,0
data/train/adrenaline_rush_citrus_buff-can-0.5/14_2.png,adrenaline_rush_citrus_buff-can-0.5,0
data/train/adrenaline_rush_citrus_buff-can-0.5/13_2.png,adrenaline_rush_citrus_buff-can-0.5,0
data/train/adrenaline_rush_citrus_buff-can-0.5/32_0.png,adrenaline_rush_citrus_buff-can-0.5,0
data/train/adrenaline_rush_citrus_buff-can-0.5/28_1.png,adrenaline_rush_citrus_buff-can-0.5,0
data/train/adrenaline_rush_citrus_buff-can-0.5/6_2.png,adrenaline_rush_citrus_buff-can-0.5,0
data/train/adrenaline_rush_citrus_buff-can-0.5/12_1.png,adrenaline_rush_citrus_buff-can-0.5,0
data/train/adrenaline_rush_citrus_buff-can-0.5/33_0.png,adrenaline_rush_citrus_buff-can-0.5,0
data/train/adrenaline_rush_citrus_buff-can-0.5/18_1.png,adrenaline_rush_citrus_buff-can-0.5,0
data/train/adrenaline_rush_citrus_buff-can-0.5/37_0.png,adrenaline_rush_citrus_buff-can-0.5,0
data/train/adrenaline_rush_citrus_buff-can-0.5/34_2.png,adrenaline_rush_citrus_buff-can-0.5,0
data/train/adrenaline_rush_citrus_buff-can-0.5/10_1.png,adrenaline_rush_citrus_buff-can-0.5,0
data/train/adrenaline_rush_citrus_buff-can-0.5/41_2.png,adrenaline_rush_citrus_buff-can-0.5,0
data/train/adrenaline_rush_citrus_buff-can-0.5/14_1.png,adrenaline_rush_citrus_buff-can-0.5,0
data/train/adrenaline_rush_citrus_buff-can-0.5/3_1.png,adrenaline_rush_citrus_buff-can-0.5,0
data/train/adrenaline_rush_citrus_buff-can-0.5/27_2.png,adrenaline_rush_citrus_buff-can-0.5,0
data/train/adrenaline_rush_citrus_buff-can-0.5/16_1.png,adrenaline_rush_citrus_buff-can-0.5,0
data/train/adrenaline_rush_citrus_buff-can-0.5/1_1.png,adrenaline_rush_citrus_buff-can-0.5,0
data/train/adrenaline_rush_citrus_buff-can-0.5/8_2.png,adrenaline_rush_citrus_buff-can-0.5,0
data/train/adrenaline_rush_citrus_buff-can-0.5/28_0.png,adrenaline_rush_citrus_buff-can-0.5,0
data/train/adrenaline_rush_citrus_buff-can-0.5/2_0.png,adrenaline_rush_citrus_buff-can-0.5,0
data/train/adrenaline_rush_citrus_buff-can-0.5/29_0.png,adrenaline_rush_citrus_buff-can-0.5,0
data/train/adrenaline_rush_citrus_buff-can-0.5/20_1.png,adrenaline_rush_citrus_buff-can-0.5,0
data/train/adrenaline_rush_citrus_buff-can-0.5/40_1.png,adrenaline_rush_citrus_buff-can-0.5,0
data/train/adrenaline_rush_citrus_buff-can-0.5/10_0.png,adrenaline_rush_citrus_buff-can-0.5,0
data/train/adrenaline_rush_citrus_buff-can-0.5/29_2.png,adrenaline_rush_citrus_buff-can-0.5,0
data/train/adrenaline_rush_citrus_buff-can-0.5/6_1.png,adrenaline_rush_citrus_buff-can-0.5,0
data/train/adrenaline_rush_citrus_buff-can-0.5/7_1.png,adrenaline_rush_citrus_buff-can-0.5,0
data/train/adrenaline_rush_citrus_buff-can-0.5/4_0.png,adrenaline_rush_citrus_buff-can-0.5,0
data/train/adrenaline_rush_citrus_buff-can-0.5/37_1.png,adrenaline_rush_citrus_buff-can-0.5,0
data/train/adrenaline_rush_citrus_buff-can-0.5/12_2.png,adrenaline_rush_citrus_buff-can-0.5,0
data/train/adrenaline_rush_citrus_buff-can-0.5/3_2.png,adrenaline_rush_citrus_buff-can-0.5,0
data/train/adrenaline_rush_citrus_buff-can-0.5/30_2.png,adrenaline_rush_citrus_buff-can-0.5,0
data/train/adrenaline_rush_citrus_buff-can-0.5/4_1.png,adrenaline_rush_citrus_buff-can-0.5,0
data/train/adrenaline_rush_citrus_buff-can-0.5/15_1.png,adrenaline_rush_citrus_buff-can-0.5,0
data/train/adrenaline_rush_citrus_buff-can-0.5/21_2.png,adrenaline_rush_citrus_buff-can-0.5,0
data/train/adrenaline_rush_citrus_buff-can-0.5/8_0.png,adrenaline_rush_citrus_buff-can-0.5,0
data/train/adrenaline_rush_citrus_buff-can-0.5/28_2.png,adrenaline_rush_citrus_buff-can-0.5,0
data/train/adrenaline_rush_citrus_buff-can-0.5/24_1.png,adrenaline_rush_citrus_buff-can-0.5,0
data/train/adrenaline_rush_citrus_buff-can-0.5/31_2.png,adrenaline_rush_citrus_buff-can-0.5,0
data/train/adrenaline_rush_citrus_buff-can-0.5/1_2.png,adrenaline_rush_citrus_buff-can-0.5,0
data/train/adrenaline_rush_citrus_buff-can-0.5/18_2.png,adrenaline_rush_citrus_buff-can-0.5,0
data/train/adrenaline_rush_citrus_buff-can-0.5/26_1.png,adrenaline_rush_citrus_buff-can-0.5,0
data/train/adrenaline_rush_citrus_buff-can-0.5/9_1.png,adrenaline_rush_citrus_buff-can-0.5,0
data/train/adrenaline_rush_citrus_buff-can-0.5/0_1.png,adrenaline_rush_citrus_buff-can-0.5,0
data/train/adrenaline_rush_citrus_buff-can-0.5/8_1.png,adrenaline_rush_citrus_buff-can-0.5,0
data/train/adrenaline_rush_citrus_buff-can-0.5/27_0.png,adrenaline_rush_citrus_buff-can-0.5,0
data/train/adrenaline_rush_citrus_buff-can-0.5/31_0.png,adrenaline_rush_citrus_buff-can-0.5,0
data/train/adrenaline_rush_citrus_buff-can-0.5/20_0.png,adrenaline_rush_citrus_buff-can-0.5,0
data/train/adrenaline_rush_citrus_buff-can-0.5/5_1.png,adrenaline_rush_citrus_buff-can-0.5,0
data/train/adrenaline_rush_citrus_buff-can-0.5/33_2.png,adrenaline_rush_citrus_buff-can-0.5,0
data/train/adrenaline_rush_citrus_buff-can-0.5/42_0.png,adrenaline_rush_citrus_buff-can-0.5,0
data/train/adrenaline_rush_citrus_buff-can-0.5/3_0.png,adrenaline_rush_citrus_buff-can-0.5,0
data/train/adrenaline_rush_citrus_buff-can-0.5/11_0.png,adrenaline_rush_citrus_buff-can-0.5,0
data/train/adrenaline_rush_citrus_buff-can-0.5/25_1.png,adrenaline_rush_citrus_buff-can-0.5,0
data/train/adrenaline_rush_citrus_buff-can-0.5/12_0.png,adrenaline_rush_citrus_buff-can-0.5,0
data/train/adrenaline_rush_citrus_buff-can-0.5/10_2.png,adrenaline_rush_citrus_buff-can-0.5,0
data/train/adrenaline_rush_citrus_buff-can-0.5/31_1.png,adrenaline_rush_citrus_buff-can-0.5,0
data/train/adrenaline_rush_citrus_buff-can-0.5/33_1.png,adrenaline_rush_citrus_buff-can-0.5,0
data/train/adrenaline_rush_citrus_buff-can-0.5/2_1.png,adrenaline_rush_citrus_buff-can-0.5,0
data/train/adrenaline_rush_citrus_buff-can-0.5/43_2.png,adrenaline_rush_citrus_buff-can-0.5,0
data/train/adrenaline_rush_citrus_buff-can-0.5/43_0.png,adrenaline_rush_citrus_buff-can-0.5,0
data/train/adrenaline_rush_citrus_buff-can-0.5/30_1.png,adrenaline_rush_citrus_buff-can-0.5,0
data/train/adrenaline_rush_citrus_buff-can-0.5/17_1.png,adrenaline_rush_citrus_buff-can-0.5,0
data/train/adrenaline_rush_citrus_buff-can-0.5/1_0.png,adrenaline_rush_citrus_buff-can-0.5,0
data/train/adrenaline_rush_citrus_buff-can-0.5/42_1.png,adrenaline_rush_citrus_buff-can-0.5,0
data/train/adrenaline_rush_citrus_buff-can-0.5/38_2.png,adrenaline_rush_citrus_buff-can-0.5,0
data/train/adrenaline_rush_citrus_buff-can-0.5/32_2.png,adrenaline_rush_citrus_buff-can-0.5,0
data/train/adrenaline_rush_citrus_buff-can-0.5/36_1.png,adrenaline_rush_citrus_buff-can-0.5,0
data/train/adrenaline_rush_citrus_buff-can-0.5/35_2.png,adrenaline_rush_citrus_buff-can-0.5,0
data/train/adrenaline_rush_citrus_buff-can-0.5/21_1.png,adrenaline_rush_citrus_buff-can-0.5,0
data/train/adrenaline_rush_citrus_buff-can-0.5/16_0.png,adrenaline_rush_citrus_buff-can-0.5,0
data/train/adrenaline_rush_citrus_buff-can-0.5/19_1.png,adrenaline_rush_citrus_buff-can-0.5,0
data/train/adrenaline_rush_citrus_buff-can-0.5/27_1.png,adrenaline_rush_citrus_buff-can-0.5,0
data/train/adrenaline_rush_citrus_buff-can-0.5/14_0.png,adrenaline_rush_citrus_buff-can-0.5,0
data/train/adrenaline_rush_citrus_buff-can-0.5/32_1.png,adrenaline_rush_citrus_buff-can-0.5,0
data/train/adrenaline_rush_citrus_buff-can-0.5/23_0.png,adrenaline_rush_citrus_buff-can-0.5,0
data/train/adrenaline_rush_citrus_buff-can-0.5/0_2.png,adrenaline_rush_citrus_buff-can-0.5,0
data/train/adrenaline_rush_citrus_buff-can-0.5/6_0.png,adrenaline_rush_citrus_buff-can-0.5,0
data/train/adrenaline_rush_citrus_buff-can-0.5/7_2.png,adrenaline_rush_citrus_buff-can-0.5,0
data/train/adrenaline_rush_citrus_buff-can-0.5/40_2.png,adrenaline_rush_citrus_buff-can-0.5,0
data/train/adrenaline_rush_citrus_buff-can-0.5/38_1.png,adrenaline_rush_citrus_buff-can-0.5,0
data/train/adrenaline_rush_citrus_buff-can-0.5/40_0.png,adrenaline_rush_citrus_buff-can-0.5,0
data/train/adrenaline_rush_citrus_buff-can-0.5/41_1.png,adrenaline_rush_citrus_buff-can-0.5,0
data/train/adrenaline_rush_citrus_buff-can-0.5/43_1.png,adrenaline_rush_citrus_buff-can-0.5,0
data/train/adrenaline_rush_citrus_buff-can-0.5/22_2.png,adrenaline_rush_citrus_buff-can-0.5,0
data/train/adrenaline_rush_citrus_buff-can-0.5/9_0.png,adrenaline_rush_citrus_buff-can-0.5,0
data/train/adrenaline_rush_citrus_buff-can-0.5/7_0.png,adrenaline_rush_citrus_buff-can-0.5,0
data/train/adrenaline_rush_citrus_buff-can-0.5/29_1.png,adrenaline_rush_citrus_buff-can-0.5,0
data/train/adrenaline_rush_citrus_buff-can-0.5/11_2.png,adrenaline_rush_citrus_buff-can-0.5,0
data/train/adrenaline_rush_citrus_buff-can-0.5/25_0.png,adrenaline_rush_citrus_buff-can-0.5,0
data/train/adrenaline_rush_citrus_buff-can-0.5/34_0.png,adrenaline_rush_citrus_buff-can-0.5,0
data/train/adrenaline_rush_citrus_buff-can-0.5/41_0.png,adrenaline_rush_citrus_buff-can-0.5,0
data/train/adrenaline_rush_citrus_buff-can-0.5/26_0.png,adrenaline_rush_citrus_buff-can-0.5,0
data/train/adrenaline_rush_citrus_buff-can-0.5/13_1.png,adrenaline_rush_citrus_buff-can-0.5,0
data/train/adrenaline_rush_citrus_buff-can-0.5/23_1.png,adrenaline_rush_citrus_buff-can-0.5,0
data/train/adrenaline_rush_citrus_buff-can-0.5/4_2.png,adrenaline_rush_citrus_buff-can-0.5,0
data/train/adrenaline_rush_citrus_buff-can-0.5/42_2.png,adrenaline_rush_citrus_buff-can-0.5,0
data/train/adrenaline_rush_citrus_buff-can-0.5/35_0.png,adrenaline_rush_citrus_buff-can-0.5,0
data/train/adrenaline_rush_citrus_buff-can-0.5/39_1.png,adrenaline_rush_citrus_buff-can-0.5,0
data/train/adrenaline_rush_citrus_buff-can-0.5/17_2.png,adrenaline_rush_citrus_buff-can-0.5,0
data/train/adrenaline_rush_citrus_buff-can-0.5/36_2.png,adrenaline_rush_citrus_buff-can-0.5,0
data/train/adrenaline_rush_citrus_buff-can-0.5/24_2.png,adrenaline_rush_citrus_buff-can-0.5,0
data/train/adrenaline_rush_citrus_buff-can-0.5/21_0.png,adrenaline_rush_citrus_buff-can-0.5,0
data/train/adrenaline_rush_citrus_buff-can-0.5/5_0.png,adrenaline_rush_citrus_buff-can-0.5,0
data/train/adrenaline_rush_citrus_buff-can-0.5/37_2.png,adrenaline_rush_citrus_buff-can-0.5,0
data/train/adrenaline_rush_citrus_buff-can-0.5/39_2.png,adrenaline_rush_citrus_buff-can-0.5,0
data/train/adrenaline_rush_citrus_buff-can-0.5/35_1.png,adrenaline_rush_citrus_buff-can-0.5,0
data/train/adrenaline_rush_citrus_buff-can-0.5/22_0.png,adrenaline_rush_citrus_buff-can-0.5,0
data/train/adrenaline_rush_citrus_buff-can-0.5/38_0.png,adrenaline_rush_citrus_buff-can-0.5,0
data/train/7up_lajm_limon-pet-1.0/1f13b030-56e3-4145-9e1d-6a0d0c3a0d73_859_1961_152_553.png,7up_lajm_limon-pet-1.0,1
data/train/7up_lajm_limon-pet-1.0/36c1650b-fc04-4759-84b1-670b69aa27b5_0_2163_204_785.png,7up_lajm_limon-pet-1.0,1
data/train/7up_lajm_limon-pet-1.0/07ffd0ce-09d4-4af6-81d4-0b33d4295ef3_1948_1908_206_663.png,7up_lajm_limon-pet-1.0,1
data/train/7up_lajm_limon-pet-1.0/07ffd0ce-09d4-4af6-81d4-0b33d4295ef3_1413_1920_220_669.png,7up_lajm_limon-pet-1.0,1
data/train/7up_lajm_limon-pet-1.0/07ffd0ce-09d4-4af6-81d4-0b33d4295ef3_2290_1898_217_674.png,7up_lajm_limon-pet-1.0,1
data/train/7up_lajm_limon-pet-1.0/07ffd0ce-09d4-4af6-81d4-0b33d4295ef3_1774_1927_212_651.png,7up_lajm_limon-pet-1.0,1
data/train/7up_lajm_limon-pet-1.0/07ffd0ce-09d4-4af6-81d4-0b33d4295ef3_2125_1908_213_664.png,7up_lajm_limon-pet-1.0,1
data/train/7up_lajm_limon-pet-1.0/07ffd0ce-09d4-4af6-81d4-0b33d4295ef3_1594_1923_217_656.png,7up_lajm_limon-pet-1.0,1
data/train/7up_lajm_limon-pet-1.0/8bcff0d0-23ee-4110-83f7-006b21ec5964_10_778_206_816.png,7up_lajm_limon-pet-1.0,1
data/train/7up_lajm_limon-pet-1.0/28c78f2e-06d3-431c-8f84-6af07903321a_1667_2189_200_758.png,7up_lajm_limon-pet-1.0,1
data/train/7up_lajm_limon-pet-1.0/28c78f2e-06d3-431c-8f84-6af07903321a_2312_2203_228_753.png,7up_lajm_limon-pet-1.0,1
data/train/7up_lajm_limon-pet-1.0/28c78f2e-06d3-431c-8f84-6af07903321a_2090_2205_222_755.png,7up_lajm_limon-pet-1.0,1
data/train/7up_lajm_limon-pet-1.0/28c78f2e-06d3-431c-8f84-6af07903321a_1463_2182_203_784.png,7up_lajm_limon-pet-1.0,1
data/train/7up_lajm_limon-pet-1.0/153e9568-668e-4726-bc57-984a91475a83_2566_1822_213_666.png,7up_lajm_limon-pet-1.0,1
data/train/7up_lajm_limon-pet-1.0/28c78f2e-06d3-431c-8f84-6af07903321a_2552_2208_196_752.png,7up_lajm_limon-pet-1.0,1
data/train/7up_lajm_limon-pet-1.0/28c78f2e-06d3-431c-8f84-6af07903321a_1236_2170_214_779.png,7up_lajm_limon-pet-1.0,1
data/train/7up_lajm_limon-pet-1.0/28c78f2e-06d3-431c-8f84-6af07903321a_1883_2193_221_768.png,7up_lajm_limon-pet-1.0,1
data/train/7up_lajm_limon-pet-1.0/153e9568-668e-4726-bc57-984a91475a83_2750_1841_205_640.png,7up_lajm_limon-pet-1.0,1
data/train/7up_lajm_limon-pet-1.0/153e9568-668e-4726-bc57-984a91475a83_2928_1835_206_635.png,7up_lajm_limon-pet-1.0,1
data/train/7up_lajm_limon-pet-1.0/27edd132-eff3-4c3b-a3d0-6bbdc22955b7_2701_2022_212_650.png,7up_lajm_limon-pet-1.0,1
data/train/7up_lajm_limon-pet-1.0/ce58dfa3-020c-4303-aef1-9c11d5cb6658_1852_1633_171_541.png,7up_lajm_limon-pet-1.0,1
data/train/7up_lajm_limon-pet-1.0/ef3cca7a-1d0e-48c1-9b42-476cda061654_175_1920_210_627.png,7up_lajm_limon-pet-1.0,1
data/train/7up_lajm_limon-pet-1.0/ef3cca7a-1d0e-48c1-9b42-476cda061654_12_1929_197_617.png,7up_lajm_limon-pet-1.0,1
data/train/7up_lajm_limon-pet-1.0/ef3cca7a-1d0e-48c1-9b42-476cda061654_706_1902_223_654.png,7up_lajm_limon-pet-1.0,1
data/train/7up_lajm_limon-pet-1.0/ef3cca7a-1d0e-48c1-9b42-476cda061654_527_1912_220_642.png,7up_lajm_limon-pet-1.0,1
data/train/7up_lajm_limon-pet-1.0/df95bf2c-7694-4ea6-a8d2-8f47b0e7006f_1422_2130_218_712.png,7up_lajm_limon-pet-1.0,1
data/train/7up_lajm_limon-pet-1.0/5f10eb57-a59c-4a91-895f-da0979b41bdd_1657_1727_120_402.png,7up_lajm_limon-pet-1.0,1
data/train/7up_lajm_limon-pet-1.0/965c48c5-05a7-47a4-ab5a-6d3a42db02cb_806_1657_181_591.png,7up_lajm_limon-pet-1.0,1
data/train/7up_lajm_limon-pet-1.0/3a70e040-6e6f-4747-bc85-90a8f055654c_1675_1670_180_596.png,7up_lajm_limon-pet-1.0,1
data/train/7up_lajm_limon-pet-1.0/5f10eb57-a59c-4a91-895f-da0979b41bdd_1572_1730_110_510.png,7up_lajm_limon-pet-1.0,1
data/train/7up_lajm_limon-pet-1.0/b9b75650-9342-4d4a-a54c-36fa29a61afa_1799_1724_167_504.png,7up_lajm_limon-pet-1.0,1
data/train/7up_lajm_limon-pet-1.0/0ac9ed85-bd6a-4efd-a631-5a5cc6041073_183_1129_157_541.png,7up_lajm_limon-pet-1.0,1
data/train/7up_lajm_limon-pet-1.0/9a195291-04e0-4efc-9f04-6af2663c1a90_1119_2324_263_803.png,7up_lajm_limon-pet-1.0,1
data/train/7up_lajm_limon-pet-1.0/7df5963f-3315-446e-ad05-c6a1dfa6b8fa_1454_2247_198_740.png,7up_lajm_limon-pet-1.0,1
data/train/7up_lajm_limon-pet-1.0/9a195291-04e0-4efc-9f04-6af2663c1a90_1337_2323_254_807.png,7up_lajm_limon-pet-1.0,1
data/train/7up_lajm_limon-pet-1.0/daff5912-8452-4fda-8bbc-377440429a8e_48_2207_258_772.png,7up_lajm_limon-pet-1.0,1
data/train/7up_lajm_limon-pet-1.0/bf206473-04d7-4d46-9fd2-538cc5789e31_1560_1898_208_657.png,7up_lajm_limon-pet-1.0,1
data/train/7up_lajm_limon-pet-1.0/bf206473-04d7-4d46-9fd2-538cc5789e31_1734_1917_210_647.png,7up_lajm_limon-pet-1.0,1
data/train/7up_lajm_limon-pet-1.0/bf206473-04d7-4d46-9fd2-538cc5789e31_1205_1914_214_660.png,7up_lajm_limon-pet-1.0,1
data/train/7up_lajm_limon-pet-1.0/49f98db2-9f94-4f32-8b60-bf51e591c0f2_2775_2612_165_523.png,7up_lajm_limon-pet-1.0,1
data/train/7up_lajm_limon-pet-1.0/6d999e82-dea5-4896-9a8e-313b2fd0b17c_1035_1080_256_789.png,7up_lajm_limon-pet-1.0,1
data/train/7up_lajm_limon-pet-1.0/6d999e82-dea5-4896-9a8e-313b2fd0b17c_598_1056_268_825.png,7up_lajm_limon-pet-1.0,1
data/train/7up_lajm_limon-pet-1.0/6d999e82-dea5-4896-9a8e-313b2fd0b17c_379_1050_262_822.png,7up_lajm_limon-pet-1.0,1
data/train/7up_lajm_limon-pet-1.0/6d999e82-dea5-4896-9a8e-313b2fd0b17c_0_1054_208_807.png,7up_lajm_limon-pet-1.0,1
data/train/7up_lajm_limon-pet-1.0/6d999e82-dea5-4896-9a8e-313b2fd0b17c_160_1051_268_808.png,7up_lajm_limon-pet-1.0,1
data/train/7up_lajm_limon-pet-1.0/6d999e82-dea5-4896-9a8e-313b2fd0b17c_819_1067_271_808.png,7up_lajm_limon-pet-1.0,1
data/train/7up_lajm_limon-pet-1.0/9f3a4e52-adf3-43b4-a691-09fa13b5bf05_950_1921_210_664.png,7up_lajm_limon-pet-1.0,1
data/train/7up_lajm_limon-pet-1.0/9f3a4e52-adf3-43b4-a691-09fa13b5bf05_408_1921_213_655.png,7up_lajm_limon-pet-1.0,1
data/train/7up_lajm_limon-pet-1.0/9f3a4e52-adf3-43b4-a691-09fa13b5bf05_583_1924_216_661.png,7up_lajm_limon-pet-1.0,1
data/train/7up_lajm_limon-pet-1.0/9f3a4e52-adf3-43b4-a691-09fa13b5bf05_1119_1912_225_668.png,7up_lajm_limon-pet-1.0,1
data/train/7up_lajm_limon-pet-1.0/9f3a4e52-adf3-43b4-a691-09fa13b5bf05_768_1919_221_650.png,7up_lajm_limon-pet-1.0,1
data/train/7up_lajm_limon-pet-1.0/daa9454e-2c19-4b56-9c87-70ec35ab59b4_-1_1015_177_764.png,7up_lajm_limon-pet-1.0,1
data/train/7up_lajm_limon-pet-1.0/5c60f198-8dbb-4691-81aa-bc7094635f30_211_1789_226_670.png,7up_lajm_limon-pet-1.0,1
data/train/7up_lajm_limon-pet-1.0/5c60f198-8dbb-4691-81aa-bc7094635f30_388_1786_205_657.png,7up_lajm_limon-pet-1.0,1
data/train/7up_lajm_limon-pet-1.0/b406e43f-7256-48c5-b5cd-46a63c7d5558_2830_2279_207_782.png,7up_lajm_limon-pet-1.0,1
data/train/7up_lajm_limon-pet-1.0/6ec52a21-c0ab-4808-ba34-a233b361ac41_2000_1769_221_695.png,7up_lajm_limon-pet-1.0,1
data/train/7up_lajm_limon-pet-1.0/8b1d4e8d-6985-469b-a8fe-19707d17f038_336_2416_168_505.png,7up_lajm_limon-pet-1.0,1
data/train/7up_lajm_limon-pet-1.0/6ec52a21-c0ab-4808-ba34-a233b361ac41_2197_1767_182_612.png,7up_lajm_limon-pet-1.0,1
data/train/7up_lajm_limon-pet-1.0/5a040034-70f8-4773-a399-4be962448e64_1337_1182_255_810.png,7up_lajm_limon-pet-1.0,1
data/train/7up_lajm_limon-pet-1.0/6d707d80-35b1-4a97-8bd0-53021649ee74_0_854_172_792.png,7up_lajm_limon-pet-1.0,1
data/train/7up_lajm_limon-pet-1.0/5a040034-70f8-4773-a399-4be962448e64_2225_1181_276_812.png,7up_lajm_limon-pet-1.0,1
data/train/7up_lajm_limon-pet-1.0/5a040034-70f8-4773-a399-4be962448e64_1119_1174_274_839.png,7up_lajm_limon-pet-1.0,1
data/train/7up_lajm_limon-pet-1.0/5a040034-70f8-4773-a399-4be962448e64_2653_1184_277_819.png,7up_lajm_limon-pet-1.0,1
data/train/7up_lajm_limon-pet-1.0/5a040034-70f8-4773-a399-4be962448e64_2464_1187_248_807.png,7up_lajm_limon-pet-1.0,1
data/train/7up_lajm_limon-pet-1.0/5a040034-70f8-4773-a399-4be962448e64_1781_1182_270_826.png,7up_lajm_limon-pet-1.0,1
data/train/7up_lajm_limon-pet-1.0/5a040034-70f8-4773-a399-4be962448e64_2005_1180_267_827.png,7up_lajm_limon-pet-1.0,1
data/train/7up_lajm_limon-pet-1.0/32a4dba0-fbb3-4127-9f1c-40804da7b030_2786_883_266_867.png,7up_lajm_limon-pet-1.0,1
data/train/7up_lajm_limon-pet-1.0/32a4dba0-fbb3-4127-9f1c-40804da7b030_2552_891_290_849.png,7up_lajm_limon-pet-1.0,1
data/train/7up_lajm_limon-pet-1.0/53729768-90bd-4b94-98f1-17bc76ac32ae_28_1954_216_653.png,7up_lajm_limon-pet-1.0,1
data/train/7up_lajm_limon-pet-1.0/53729768-90bd-4b94-98f1-17bc76ac32ae_202_1955_237_658.png,7up_lajm_limon-pet-1.0,1
data/train/7up_lajm_limon-pet-1.0/fa5aa940-2258-44ba-997e-5d5815cefe08_2944_1744_176_579.png,7up_lajm_limon-pet-1.0,1
data/train/7up_lajm_limon-pet-1.0/e5f57342-c1ba-4e1c-9a41-e68206b61d18_155_2095_250_762.png,7up_lajm_limon-pet-1.0,1
data/train/7up_lajm_limon-pet-1.0/cf2e5efe-507a-4167-a5ca-cf05a3725566_1593_1159_145_528.png,7up_lajm_limon-pet-1.0,1
data/train/7up_lajm_limon-pet-1.0/e5f57342-c1ba-4e1c-9a41-e68206b61d18_0_2077_200_797.png,7up_lajm_limon-pet-1.0,1
data/train/7up_lajm_limon-pet-1.0/e5f57342-c1ba-4e1c-9a41-e68206b61d18_579_2103_260_761.png,7up_lajm_limon-pet-1.0,1
data/train/7up_lajm_limon-pet-1.0/e5f57342-c1ba-4e1c-9a41-e68206b61d18_372_2100_257_758.png,7up_lajm_limon-pet-1.0,1
data/train/7up_lajm_limon-pet-1.0/ad34ed70-b6a7-430b-9e26-367506fba041_1346_939_256_859.png,7up_lajm_limon-pet-1.0,1
data/train/7up_lajm_limon-pet-1.0/ad34ed70-b6a7-430b-9e26-367506fba041_1122_922_255_868.png,7up_lajm_limon-pet-1.0,1
data/train/7up_lajm_limon-pet-1.0/5b48565d-82ab-49b1-b4e5-43d1148b438e_2294_1912_219_667.png,7up_lajm_limon-pet-1.0,1
data/train/7up_lajm_limon-pet-1.0/5b48565d-82ab-49b1-b4e5-43d1148b438e_1938_1914_215_662.png,7up_lajm_limon-pet-1.0,1
data/train/7up_lajm_limon-pet-1.0/5b48565d-82ab-49b1-b4e5-43d1148b438e_2833_1919_221_651.png,7up_lajm_limon-pet-1.0,1
data/train/7up_lajm_limon-pet-1.0/5b48565d-82ab-49b1-b4e5-43d1148b438e_2473_1912_224_659.png,7up_lajm_limon-pet-1.0,1
data/train/7up_lajm_limon-pet-1.0/1f500d07-b7e5-43a4-b353-a38b3271d970_1334_2524_168_517.png,7up_lajm_limon-pet-1.0,1
data/train/7up_lajm_limon-pet-1.0/57e10ab0-b9b1-473a-9921-250dfacf97b2_79_2159_214_738.png,7up_lajm_limon-pet-1.0,1
data/train/7up_lajm_limon-pet-1.0/65_0.png,7up_lajm_limon-pet-1.0,1
data/train/7up_lajm_limon-pet-1.0/53_0.png,7up_lajm_limon-pet-1.0,1
data/train/7up_lajm_limon-pet-1.0/25_0.png,7up_lajm_limon-pet-1.0,1
data/train/7up_lajm_limon-pet-1.0/34_0.png,7up_lajm_limon-pet-1.0,1
data/train/7up_lajm_limon-pet-1.0/5_0.png,7up_lajm_limon-pet-1.0,1
data/train/7up_lajm_limon-pet-1.0/14_0.png,7up_lajm_limon-pet-1.0,1
data/train/7up_lajm_limon-pet-1.0/35_0.png,7up_lajm_limon-pet-1.0,1
data/train/7up_lajm_limon-pet-1.0/1_0.png,7up_lajm_limon-pet-1.0,1
data/train/7up_lajm_limon-pet-1.0/38_0.png,7up_lajm_limon-pet-1.0,1
data/train/7up_lajm_limon-pet-1.0/79_0.png,7up_lajm_limon-pet-1.0,1
data/train/7up_lajm_limon-pet-1.0/70_0.png,7up_lajm_limon-pet-1.0,1
data/train/7up_lajm_limon-pet-1.0/43_0.png,7up_lajm_limon-pet-1.0,1
data/train/7up_lajm_limon-pet-1.0/64_0.png,7up_lajm_limon-pet-1.0,1
data/train/7up_lajm_limon-pet-1.0/37_0.png,7up_lajm_limon-pet-1.0,1
data/train/7up_lajm_limon-pet-1.0/80_0.png,7up_lajm_limon-pet-1.0,1
data/train/7up_lajm_limon-pet-1.0/50_0.png,7up_lajm_limon-pet-1.0,1
data/train/7up_lajm_limon-pet-1.0/9_0.png,7up_lajm_limon-pet-1.0,1
data/train/7up_lajm_limon-pet-1.0/60_0.png,7up_lajm_limon-pet-1.0,1
data/train/7up_lajm_limon-pet-1.0/31_0.png,7up_lajm_limon-pet-1.0,1
data/train/7up_lajm_limon-pet-1.0/73_0.png,7up_lajm_limon-pet-1.0,1
data/train/7up_lajm_limon-pet-1.0/47_0.png,7up_lajm_limon-pet-1.0,1
data/train/7up_lajm_limon-pet-1.0/63_0.png,7up_lajm_limon-pet-1.0,1
data/train/7up_lajm_limon-pet-1.0/0_0.png,7up_lajm_limon-pet-1.0,1
data/train/7up_lajm_limon-pet-1.0/82_0.png,7up_lajm_limon-pet-1.0,1
data/train/7up_lajm_limon-pet-1.0/26_0.png,7up_lajm_limon-pet-1.0,1
data/train/7up_lajm_limon-pet-1.0/32_0.png,7up_lajm_limon-pet-1.0,1
data/train/7up_lajm_limon-pet-1.0/30_0.png,7up_lajm_limon-pet-1.0,1
data/train/7up_lajm_limon-pet-1.0/22_0.png,7up_lajm_limon-pet-1.0,1
data/train/7up_lajm_limon-pet-1.0/15_0.png,7up_lajm_limon-pet-1.0,1
data/train/7up_lajm_limon-pet-1.0/18_0.png,7up_lajm_limon-pet-1.0,1
data/train/7up_lajm_limon-pet-1.0/40_0.png,7up_lajm_limon-pet-1.0,1
data/train/7up_lajm_limon-pet-1.0/39_0.png,7up_lajm_limon-pet-1.0,1
data/train/7up_lajm_limon-pet-1.0/62_0.png,7up_lajm_limon-pet-1.0,1
data/train/7up_lajm_limon-pet-1.0/61_0.png,7up_lajm_limon-pet-1.0,1
data/train/7up_lajm_limon-pet-1.0/12_0.png,7up_lajm_limon-pet-1.0,1
data/train/7up_lajm_limon-pet-1.0/75_0.png,7up_lajm_limon-pet-1.0,1
data/train/7up_lajm_limon-pet-1.0/46_0.png,7up_lajm_limon-pet-1.0,1
data/train/7up_lajm_limon-pet-1.0/11_0.png,7up_lajm_limon-pet-1.0,1
data/train/7up_lajm_limon-pet-1.0/42_0.png,7up_lajm_limon-pet-1.0,1
data/train/7up_lajm_limon-pet-1.0/3_0.png,7up_lajm_limon-pet-1.0,1
data/train/7up_lajm_limon-pet-1.0/13_0.png,7up_lajm_limon-pet-1.0,1
data/train/7up_lajm_limon-pet-1.0/41_0.png,7up_lajm_limon-pet-1.0,1
data/train/7up_lajm_limon-pet-1.0/20_0.png,7up_lajm_limon-pet-1.0,1
data/train/7up_lajm_limon-pet-1.0/24_0.png,7up_lajm_limon-pet-1.0,1
data/train/7up_lajm_limon-pet-1.0/74_0.png,7up_lajm_limon-pet-1.0,1
data/train/7up_lajm_limon-pet-1.0/57_0.png,7up_lajm_limon-pet-1.0,1
data/train/7up_lajm_limon-pet-1.0/72_0.png,7up_lajm_limon-pet-1.0,1
data/train/7up_lajm_limon-pet-1.0/69_0.png,7up_lajm_limon-pet-1.0,1
data/train/7up_lajm_limon-pet-1.0/49_0.png,7up_lajm_limon-pet-1.0,1
data/train/7up_lajm_limon-pet-1.0/28_0.png,7up_lajm_limon-pet-1.0,1
data/train/7up_lajm_limon-pet-1.0/19_0.png,7up_lajm_limon-pet-1.0,1
data/train/7up_lajm_limon-pet-1.0/23_0.png,7up_lajm_limon-pet-1.0,1
data/train/7up_lajm_limon-pet-1.0/36_0.png,7up_lajm_limon-pet-1.0,1
data/train/7up_lajm_limon-pet-1.0/16_0.png,7up_lajm_limon-pet-1.0,1
data/train/7up_lajm_limon-pet-1.0/44_0.png,7up_lajm_limon-pet-1.0,1
data/train/7up_lajm_limon-pet-1.0/2_0.png,7up_lajm_limon-pet-1.0,1
data/train/7up_lajm_limon-pet-1.0/58_0.png,7up_lajm_limon-pet-1.0,1
data/train/7up_lajm_limon-pet-1.0/10_0.png,7up_lajm_limon-pet-1.0,1
data/train/7up_lajm_limon-pet-1.0/7_0.png,7up_lajm_limon-pet-1.0,1
data/train/7up_lajm_limon-pet-1.0/27_0.png,7up_lajm_limon-pet-1.0,1
data/train/7up_lajm_limon-pet-1.0/66_0.png,7up_lajm_limon-pet-1.0,1
data/train/7up_lajm_limon-pet-1.0/52_0.png,7up_lajm_limon-pet-1.0,1
data/train/7up_lajm_limon-pet-1.0/67_0.png,7up_lajm_limon-pet-1.0,1
data/train/7up_lajm_limon-pet-1.0/6_0.png,7up_lajm_limon-pet-1.0,1
data/train/7up_lajm_limon-pet-1.0/8_0.png,7up_lajm_limon-pet-1.0,1
data/train/7up_lajm_limon-pet-1.0/4_0.png,7up_lajm_limon-pet-1.0,1
data/train/7up_lajm_limon-pet-1.0/68_0.png,7up_lajm_limon-pet-1.0,1
data/train/7up_lajm_limon-pet-1.0/17_0.png,7up_lajm_limon-pet-1.0,1
data/train/7up_lajm_limon-pet-1.0/56_0.png,7up_lajm_limon-pet-1.0,1
data/train/7up_lajm_limon-pet-1.0/59_0.png,7up_lajm_limon-pet-1.0,1
data/train/7up_lajm_limon-pet-1.0/21_0.png,7up_lajm_limon-pet-1.0,1
data/train/7up_lajm_limon-pet-1.0/78_0.png,7up_lajm_limon-pet-1.0,1
data/train/7up_lajm_limon-pet-1.0/33_0.png,7up_lajm_limon-pet-1.0,1
data/train/7up_lajm_limon-pet-1.0/55_0.png,7up_lajm_limon-pet-1.0,1
data/train/7up_lajm_limon-pet-1.0/45_0.png,7up_lajm_limon-pet-1.0,1
data/train/7up_lajm_limon-pet-1.0/83_0.png,7up_lajm_limon-pet-1.0,1
data/train/7up_lajm_limon-pet-1.0/54_0.png,7up_lajm_limon-pet-1.0,1
data/train/7up_lajm_limon-pet-1.0/48_0.png,7up_lajm_limon-pet-1.0,1
data/train/7up_lajm_limon-pet-1.0/29_0.png,7up_lajm_limon-pet-1.0,1
data/train/7up_lajm_limon-pet-1.0/77_0.png,7up_lajm_limon-pet-1.0,1
data/train/7up_lajm_limon-pet-1.0/76_0.png,7up_lajm_limon-pet-1.0,1
data/train/7up_lajm_limon-pet-1.0/51_0.png,7up_lajm_limon-pet-1.0,1
data/train/7up_lajm_limon-pet-1.0/71_0.png,7up_lajm_limon-pet-1.0,1
data/train/7up_lajm_limon-pet-1.0/81_0.png,7up_lajm_limon-pet-1.0,1
data/train/jevervess_cola-bottle-0.25/6eef1344-39a8-4d3e-b6f2-9947376ba87b_1323_817_136_565.png,jevervess_cola-bottle-0.25,2
data/train/jevervess_cola-bottle-0.25/6eef1344-39a8-4d3e-b6f2-9947376ba87b_869_800_148_565.png,jevervess_cola-bottle-0.25,2
data/train/jevervess_cola-bottle-0.25/6eef1344-39a8-4d3e-b6f2-9947376ba87b_1175_812_144_568.png,jevervess_cola-bottle-0.25,2
data/train/jevervess_cola-bottle-0.25/e5fc1d0e-4201-4488-8859-6cf8d4df5835_266_576_146_456.png,jevervess_cola-bottle-0.25,2
data/train/jevervess_cola-bottle-0.25/8e155700-9747-4cf0-aa90-fe05c9bc7221_949_123_172_672.png,jevervess_cola-bottle-0.25,2
data/train/jevervess_cola-bottle-0.25/dbfd743d-06c6-43c9-9417-b46015675f0c_291_178_129_506.png,jevervess_cola-bottle-0.25,2
data/train/jevervess_cola-bottle-0.25/dbfd743d-06c6-43c9-9417-b46015675f0c_426_185_136_500.png,jevervess_cola-bottle-0.25,2
data/train/jevervess_cola-bottle-0.25/94958748-cab3-4d7e-92f3-79cbd3b185a5_656_725_134_529.png,jevervess_cola-bottle-0.25,2
data/train/jevervess_cola-bottle-0.25/94958748-cab3-4d7e-92f3-79cbd3b185a5_795_726_142_526.png,jevervess_cola-bottle-0.25,2
data/train/jevervess_cola-bottle-0.25/94958748-cab3-4d7e-92f3-79cbd3b185a5_940_722_145_528.png,jevervess_cola-bottle-0.25,2
data/train/jevervess_cola-bottle-0.25/ddaadf68-8a21-4918-9603-51903b7e5aad_650_718_142_508.png,jevervess_cola-bottle-0.25,2
data/train/jevervess_cola-bottle-0.25/26e5f5cf-b0ca-4a5e-b941-948eec8b297e_911_1341_125_492.png,jevervess_cola-bottle-0.25,2
data/train/jevervess_cola-bottle-0.25/26e5f5cf-b0ca-4a5e-b941-948eec8b297e_525_1340_125_491.png,jevervess_cola-bottle-0.25,2
data/train/jevervess_cola-bottle-0.25/26e5f5cf-b0ca-4a5e-b941-948eec8b297e_654_1339_125_495.png,jevervess_cola-bottle-0.25,2
data/train/jevervess_cola-bottle-0.25/26e5f5cf-b0ca-4a5e-b941-948eec8b297e_782_1341_125_493.png,jevervess_cola-bottle-0.25,2
data/train/jevervess_cola-bottle-0.25/50b85205-652c-4f7a-a456-f99998b189bf_777_508_138_526.png,jevervess_cola-bottle-0.25,2
data/train/jevervess_cola-bottle-0.25/50b85205-652c-4f7a-a456-f99998b189bf_920_502_145_560.png,jevervess_cola-bottle-0.25,2
data/train/jevervess_cola-bottle-0.25/50b85205-652c-4f7a-a456-f99998b189bf_638_509_133_561.png,jevervess_cola-bottle-0.25,2
data/train/jevervess_cola-bottle-0.25/0d4f774d-4963-4b54-8807-67a30fccbbba_3345_445_144_510.png,jevervess_cola-bottle-0.25,2
data/train/jevervess_cola-bottle-0.25/0d4f774d-4963-4b54-8807-67a30fccbbba_3198_441_142_541.png,jevervess_cola-bottle-0.25,2
data/train/jevervess_cola-bottle-0.25/0d4f774d-4963-4b54-8807-67a30fccbbba_3049_443_143_545.png,jevervess_cola-bottle-0.25,2
data/train/jevervess_cola-bottle-0.25/e9f7e2e3-f109-403c-a9d7-fa75a24244b7_2916_578_138_523.png,jevervess_cola-bottle-0.25,2
data/train/jevervess_cola-bottle-0.25/e9f7e2e3-f109-403c-a9d7-fa75a24244b7_3204_572_136_518.png,jevervess_cola-bottle-0.25,2
data/train/jevervess_cola-bottle-0.25/e9f7e2e3-f109-403c-a9d7-fa75a24244b7_3060_577_139_525.png,jevervess_cola-bottle-0.25,2
data/train/jevervess_cola-bottle-0.25/9b5c78a4-f5e1-4f10-a1bc-7743b4f00beb_711_1076_178_636.png,jevervess_cola-bottle-0.25,2
data/train/jevervess_cola-bottle-0.25/9b5c78a4-f5e1-4f10-a1bc-7743b4f00beb_523_1061_181_641.png,jevervess_cola-bottle-0.25,2
data/train/jevervess_cola-bottle-0.25/9b5c78a4-f5e1-4f10-a1bc-7743b4f00beb_894_1089_182_628.png,jevervess_cola-bottle-0.25,2
data/train/jevervess_cola-bottle-0.25/fe6c51bd-fe26-4130-ab3a-f93d7464b9c3_2413_1045_171_647.png,jevervess_cola-bottle-0.25,2
data/train/jevervess_cola-bottle-0.25/fe6c51bd-fe26-4130-ab3a-f93d7464b9c3_2589_1053_167_640.png,jevervess_cola-bottle-0.25,2
data/train/jevervess_cola-bottle-0.25/fe6c51bd-fe26-4130-ab3a-f93d7464b9c3_2222_1038_185_652.png,jevervess_cola-bottle-0.25,2
data/train/jevervess_cola-bottle-0.25/462adc3a-37d1-43a3-89b4-50198aa07bac_3381_374_148_577.png,jevervess_cola-bottle-0.25,2
data/train/jevervess_cola-bottle-0.25/462adc3a-37d1-43a3-89b4-50198aa07bac_3533_374_154_578.png,jevervess_cola-bottle-0.25,2
data/train/jevervess_cola-bottle-0.25/462adc3a-37d1-43a3-89b4-50198aa07bac_3225_374_151_575.png,jevervess_cola-bottle-0.25,2
data/train/jevervess_cola-bottle-0.25/fade0291-d53c-4134-a270-8c58066b619a_396_1212_153_592.png,jevervess_cola-bottle-0.25,2
data/train/jevervess_cola-bottle-0.25/fade0291-d53c-4134-a270-8c58066b619a_717_1212_161_596.png,jevervess_cola-bottle-0.25,2
data/train/jevervess_cola-bottle-0.25/fade0291-d53c-4134-a270-8c58066b619a_554_1211_159_596.png,jevervess_cola-bottle-0.25,2
data/train/jevervess_cola-bottle-0.25/504ca60c-d825-49ce-a00c-b6ec5ffb01d1_1357_190_162_652.png,jevervess_cola-bottle-0.25,2
data/train/jevervess_cola-bottle-0.25/504ca60c-d825-49ce-a00c-b6ec5ffb01d1_1200_192_152_649.png,jevervess_cola-bottle-0.25,2
data/train/jevervess_cola-bottle-0.25/504ca60c-d825-49ce-a00c-b6ec5ffb01d1_1031_191_163_658.png,jevervess_cola-bottle-0.25,2
data/train/jevervess_cola-bottle-0.25/cff5095d-40e7-44bd-81d4-0ab49da4b151_1708_930_121_480.png,jevervess_cola-bottle-0.25,2
data/train/jevervess_cola-bottle-0.25/cff5095d-40e7-44bd-81d4-0ab49da4b151_2227_928_112_475.png,jevervess_cola-bottle-0.25,2
data/train/jevervess_cola-bottle-0.25/cff5095d-40e7-44bd-81d4-0ab49da4b151_1834_930_119_479.png,jevervess_cola-bottle-0.25,2
data/train/jevervess_cola-bottle-0.25/cff5095d-40e7-44bd-81d4-0ab49da4b151_2095_926_127_483.png,jevervess_cola-bottle-0.25,2
data/train/jevervess_cola-bottle-0.25/32e6e237-2b49-459f-a6ac-b41f9cf28d4c_2212_1188_153_636.png,jevervess_cola-bottle-0.25,2
data/train/jevervess_cola-bottle-0.25/9db1130a-63b7-4f1c-96c5-d423735c6546_2130_417_179_717.png,jevervess_cola-bottle-0.25,2
data/train/jevervess_cola-bottle-0.25/9db1130a-63b7-4f1c-96c5-d423735c6546_2318_415_176_727.png,jevervess_cola-bottle-0.25,2
data/train/jevervess_cola-bottle-0.25/7c12f232-a980-4425-ae5d-8e02c0deec6d_1538_1195_147_624.png,jevervess_cola-bottle-0.25,2
data/train/jevervess_cola-bottle-0.25/7c12f232-a980-4425-ae5d-8e02c0deec6d_1695_1194_161_625.png,jevervess_cola-bottle-0.25,2
data/train/jevervess_cola-bottle-0.25/3846751e-e1fa-4d7d-88f4-a1457077f32c_648_1373_136_517.png,jevervess_cola-bottle-0.25,2
data/train/jevervess_cola-bottle-0.25/3846751e-e1fa-4d7d-88f4-a1457077f32c_922_1378_135_513.png,jevervess_cola-bottle-0.25,2
data/train/jevervess_cola-bottle-0.25/3846751e-e1fa-4d7d-88f4-a1457077f32c_787_1376_131_517.png,jevervess_cola-bottle-0.25,2
data/train/jevervess_cola-bottle-0.25/3846751e-e1fa-4d7d-88f4-a1457077f32c_505_1371_139_522.png,jevervess_cola-bottle-0.25,2
data/train/jevervess_cola-bottle-0.25/a516bf3d-65b9-45cf-a1cf-aa47a41b57af_717_1267_131_538.png,jevervess_cola-bottle-0.25,2
data/train/jevervess_cola-bottle-0.25/a516bf3d-65b9-45cf-a1cf-aa47a41b57af_585_1266_126_535.png,jevervess_cola-bottle-0.25,2
data/train/jevervess_cola-bottle-0.25/a516bf3d-65b9-45cf-a1cf-aa47a41b57af_995_1264_135_538.png,jevervess_cola-bottle-0.25,2
data/train/jevervess_cola-bottle-0.25/108692f2-c7fb-4173-b56b-22939a6bfefe_2367_304_163_615.png,jevervess_cola-bottle-0.25,2
data/train/jevervess_cola-bottle-0.25/108692f2-c7fb-4173-b56b-22939a6bfefe_2532_366_130_550.png,jevervess_cola-bottle-0.25,2
data/train/jevervess_cola-bottle-0.25/108692f2-c7fb-4173-b56b-22939a6bfefe_2199_301_164_616.png,jevervess_cola-bottle-0.25,2
data/train/jevervess_cola-bottle-0.25/8f00d799-ae25-4cdb-a901-a9a33a3fd629_2503_1090_92_367.png,jevervess_cola-bottle-0.25,2
data/train/jevervess_cola-bottle-0.25/8f00d799-ae25-4cdb-a901-a9a33a3fd629_2414_1089_85_362.png,jevervess_cola-bottle-0.25,2
data/train/jevervess_cola-bottle-0.25/8f00d799-ae25-4cdb-a901-a9a33a3fd629_2139_1097_89_364.png,jevervess_cola-bottle-0.25,2
data/train/jevervess_cola-bottle-0.25/8f00d799-ae25-4cdb-a901-a9a33a3fd629_2323_1093_87_357.png,jevervess_cola-bottle-0.25,2
data/train/jevervess_cola-bottle-0.25/8f00d799-ae25-4cdb-a901-a9a33a3fd629_2052_1091_85_369.png,jevervess_cola-bottle-0.25,2
data/train/jevervess_cola-bottle-0.25/fe18c6f2-ba48-475b-90ea-2f70a32b3211_2204_481_154_625.png,jevervess_cola-bottle-0.25,2
data/train/jevervess_cola-bottle-0.25/cc08b358-32cf-4afe-95d5-187350767808_1635_1017_167_676.png,jevervess_cola-bottle-0.25,2
data/train/jevervess_cola-bottle-0.25/f56061ce-75d0-4e23-97ff-32e8e6754389_2671_163_127_510.png,jevervess_cola-bottle-0.25,2
data/train/jevervess_cola-bottle-0.25/f56061ce-75d0-4e23-97ff-32e8e6754389_2804_168_132_508.png,jevervess_cola-bottle-0.25,2
data/train/jevervess_cola-bottle-0.25/a56a7617-35e0-4238-ba1c-0e8827812302_1195_1799_135_488.png,jevervess_cola-bottle-0.25,2
data/train/jevervess_cola-bottle-0.25/a56a7617-35e0-4238-ba1c-0e8827812302_1335_1797_126_490.png,jevervess_cola-bottle-0.25,2
data/train/jevervess_cola-bottle-0.25/a56a7617-35e0-4238-ba1c-0e8827812302_1465_1792_131_500.png,jevervess_cola-bottle-0.25,2
data/train/jevervess_cola-bottle-0.25/4e017611-128e-4a01-8f4d-d4d3c2d660fd_1971_84_154_568.png,jevervess_cola-bottle-0.25,2
data/train/jevervess_cola-bottle-0.25/f29eb818-91f3-47fa-a0bf-c3d2dffb2417_898_253_143_520.png,jevervess_cola-bottle-0.25,2
data/train/jevervess_cola-bottle-0.25/f29eb818-91f3-47fa-a0bf-c3d2dffb2417_1629_259_144_528.png,jevervess_cola-bottle-0.25,2
data/train/jevervess_cola-bottle-0.25/f29eb818-91f3-47fa-a0bf-c3d2dffb2417_1197_257_140_526.png,jevervess_cola-bottle-0.25,2
data/train/jevervess_cola-bottle-0.25/f29eb818-91f3-47fa-a0bf-c3d2dffb2417_1778_262_142_524.png,jevervess_cola-bottle-0.25,2
data/train/jevervess_cola-bottle-0.25/ec08a12c-9f7a-4c1b-a1ba-c0c6295f07b4_1376_1554_203_744.png,jevervess_cola-bottle-0.25,2
data/train/jevervess_cola-bottle-0.25/541f0bee-6953-47a4-ba7d-a1fc3ba5f830_2001_613_115_461.png,jevervess_cola-bottle-0.25,2
data/train/jevervess_cola-bottle-0.25/541f0bee-6953-47a4-ba7d-a1fc3ba5f830_1874_608_117_463.png,jevervess_cola-bottle-0.25,2
data/train/jevervess_cola-bottle-0.25/5219feeb-2948-441d-bdf5-7c9802cd4b2b_1345_558_126_512.png,jevervess_cola-bottle-0.25,2
data/train/jevervess_cola-bottle-0.25/5219feeb-2948-441d-bdf5-7c9802cd4b2b_1726_553_127_521.png,jevervess_cola-bottle-0.25,2
data/train/jevervess_cola-bottle-0.25/5219feeb-2948-441d-bdf5-7c9802cd4b2b_1989_562_127_518.png,jevervess_cola-bottle-0.25,2
data/train/jevervess_cola-bottle-0.25/5219feeb-2948-441d-bdf5-7c9802cd4b2b_1475_557_124_516.png,jevervess_cola-bottle-0.25,2
data/train/jevervess_cola-bottle-0.25/5219feeb-2948-441d-bdf5-7c9802cd4b2b_1601_556_124_518.png,jevervess_cola-bottle-0.25,2
data/train/jevervess_cola-bottle-0.25/5219feeb-2948-441d-bdf5-7c9802cd4b2b_1857_560_129_516.png,jevervess_cola-bottle-0.25,2
data/train/jevervess_cola-bottle-0.25/bfdb80fb-da42-4bbc-bd89-880cec5ebfa9_3785_212_169_613.png,jevervess_cola-bottle-0.25,2
data/train/jevervess_cola-bottle-0.25/bb048380-fffc-497d-a977-07701bb41b49_1383_504_140_546.png,jevervess_cola-bottle-0.25,2
data/train/jevervess_cola-bottle-0.25/bb048380-fffc-497d-a977-07701bb41b49_1523_501_140_547.png,jevervess_cola-bottle-0.25,2
data/train/jevervess_cola-bottle-0.25/bb048380-fffc-497d-a977-07701bb41b49_1657_499_147_552.png,jevervess_cola-bottle-0.25,2
data/train/jevervess_cola-bottle-0.25/42898767-8f53-4f2b-a814-a802dd221fa4_682_2339_155_596.png,jevervess_cola-bottle-0.25,2
data/train/jevervess_cola-bottle-0.25/42898767-8f53-4f2b-a814-a802dd221fa4_841_2326_143_612.png,jevervess_cola-bottle-0.25,2
data/train/jevervess_cola-bottle-0.25/42898767-8f53-4f2b-a814-a802dd221fa4_987_2338_137_608.png,jevervess_cola-bottle-0.25,2
data/train/jevervess_cola-bottle-0.25/1f418e54-1577-4a84-947f-d3a751329a09_1663_328_143_555.png,jevervess_cola-bottle-0.25,2
data/train/jevervess_cola-bottle-0.25/1f418e54-1577-4a84-947f-d3a751329a09_1812_330_141_558.png,jevervess_cola-bottle-0.25,2
data/train/jevervess_cola-bottle-0.25/89_0.png,jevervess_cola-bottle-0.25,2
data/train/jevervess_cola-bottle-0.25/2_0.png,jevervess_cola-bottle-0.25,2
data/train/jevervess_cola-bottle-0.25/6_0.png,jevervess_cola-bottle-0.25,2
data/train/jevervess_cola-bottle-0.25/70_0.png,jevervess_cola-bottle-0.25,2
data/train/jevervess_cola-bottle-0.25/86_0.png,jevervess_cola-bottle-0.25,2
data/train/jevervess_cola-bottle-0.25/69_0.png,jevervess_cola-bottle-0.25,2
data/train/jevervess_cola-bottle-0.25/37_0.png,jevervess_cola-bottle-0.25,2
data/train/jevervess_cola-bottle-0.25/22_0.png,jevervess_cola-bottle-0.25,2
data/train/jevervess_cola-bottle-0.25/63_0.png,jevervess_cola-bottle-0.25,2
data/train/jevervess_cola-bottle-0.25/53_0.png,jevervess_cola-bottle-0.25,2
data/train/jevervess_cola-bottle-0.25/31_0.png,jevervess_cola-bottle-0.25,2
data/train/jevervess_cola-bottle-0.25/1_0.png,jevervess_cola-bottle-0.25,2
data/train/jevervess_cola-bottle-0.25/8_0.png,jevervess_cola-bottle-0.25,2
data/train/jevervess_cola-bottle-0.25/34_0.png,jevervess_cola-bottle-0.25,2
data/train/jevervess_cola-bottle-0.25/40_0.png,jevervess_cola-bottle-0.25,2
data/train/jevervess_cola-bottle-0.25/67_0.png,jevervess_cola-bottle-0.25,2
data/train/jevervess_cola-bottle-0.25/65_0.png,jevervess_cola-bottle-0.25,2
data/train/jevervess_cola-bottle-0.25/14_0.png,jevervess_cola-bottle-0.25,2
data/train/jevervess_cola-bottle-0.25/80_0.png,jevervess_cola-bottle-0.25,2
data/train/jevervess_cola-bottle-0.25/18_0.png,jevervess_cola-bottle-0.25,2
data/train/jevervess_cola-bottle-0.25/39_0.png,jevervess_cola-bottle-0.25,2
data/train/jevervess_cola-bottle-0.25/30_0.png,jevervess_cola-bottle-0.25,2
data/train/jevervess_cola-bottle-0.25/87_0.png,jevervess_cola-bottle-0.25,2
data/train/jevervess_cola-bottle-0.25/25_0.png,jevervess_cola-bottle-0.25,2
data/train/jevervess_cola-bottle-0.25/16_0.png,jevervess_cola-bottle-0.25,2
data/train/jevervess_cola-bottle-0.25/58_0.png,jevervess_cola-bottle-0.25,2
data/train/jevervess_cola-bottle-0.25/7_0.png,jevervess_cola-bottle-0.25,2
data/train/jevervess_cola-bottle-0.25/19_0.png,jevervess_cola-bottle-0.25,2
data/train/jevervess_cola-bottle-0.25/27_0.png,jevervess_cola-bottle-0.25,2
data/train/jevervess_cola-bottle-0.25/60_0.png,jevervess_cola-bottle-0.25,2
data/train/jevervess_cola-bottle-0.25/32_0.png,jevervess_cola-bottle-0.25,2
data/train/jevervess_cola-bottle-0.25/0_0.png,jevervess_cola-bottle-0.25,2
data/train/jevervess_cola-bottle-0.25/64_0.png,jevervess_cola-bottle-0.25,2
data/train/jevervess_cola-bottle-0.25/35_0.png,jevervess_cola-bottle-0.25,2
data/train/jevervess_cola-bottle-0.25/43_0.png,jevervess_cola-bottle-0.25,2
data/train/jevervess_cola-bottle-0.25/26_0.png,jevervess_cola-bottle-0.25,2
data/train/jevervess_cola-bottle-0.25/15_0.png,jevervess_cola-bottle-0.25,2
data/train/jevervess_cola-bottle-0.25/5_0.png,jevervess_cola-bottle-0.25,2
data/train/jevervess_cola-bottle-0.25/57_0.png,jevervess_cola-bottle-0.25,2
data/train/jevervess_cola-bottle-0.25/10_0.png,jevervess_cola-bottle-0.25,2
data/train/jevervess_cola-bottle-0.25/12_0.png,jevervess_cola-bottle-0.25,2
data/train/jevervess_cola-bottle-0.25/52_0.png,jevervess_cola-bottle-0.25,2
data/train/jevervess_cola-bottle-0.25/47_0.png,jevervess_cola-bottle-0.25,2
data/train/jevervess_cola-bottle-0.25/9_0.png,jevervess_cola-bottle-0.25,2
data/train/jevervess_cola-bottle-0.25/66_0.png,jevervess_cola-bottle-0.25,2
data/train/jevervess_cola-bottle-0.25/92_0.png,jevervess_cola-bottle-0.25,2
data/train/jevervess_cola-bottle-0.25/42_0.png,jevervess_cola-bottle-0.25,2
data/train/jevervess_cola-bottle-0.25/72_0.png,jevervess_cola-bottle-0.25,2
data/train/jevervess_cola-bottle-0.25/3_0.png,jevervess_cola-bottle-0.25,2
data/train/jevervess_cola-bottle-0.25/46_0.png,jevervess_cola-bottle-0.25,2
data/train/jevervess_cola-bottle-0.25/13_0.png,jevervess_cola-bottle-0.25,2
data/train/jevervess_cola-bottle-0.25/41_0.png,jevervess_cola-bottle-0.25,2
data/train/jevervess_cola-bottle-0.25/20_0.png,jevervess_cola-bottle-0.25,2
data/train/jevervess_cola-bottle-0.25/73_0.png,jevervess_cola-bottle-0.25,2
data/train/jevervess_cola-bottle-0.25/24_0.png,jevervess_cola-bottle-0.25,2
data/train/jevervess_cola-bottle-0.25/61_0.png,jevervess_cola-bottle-0.25,2
data/train/jevervess_cola-bottle-0.25/36_0.png,jevervess_cola-bottle-0.25,2
data/train/jevervess_cola-bottle-0.25/44_0.png,jevervess_cola-bottle-0.25,2
data/train/jevervess_cola-bottle-0.25/75_0.png,jevervess_cola-bottle-0.25,2
data/train/jevervess_cola-bottle-0.25/49_0.png,jevervess_cola-bottle-0.25,2
data/train/jevervess_cola-bottle-0.25/28_0.png,jevervess_cola-bottle-0.25,2
data/train/jevervess_cola-bottle-0.25/79_0.png,jevervess_cola-bottle-0.25,2
data/train/jevervess_cola-bottle-0.25/82_0.png,jevervess_cola-bottle-0.25,2
data/train/jevervess_cola-bottle-0.25/88_0.png,jevervess_cola-bottle-0.25,2
data/train/jevervess_cola-bottle-0.25/38_0.png,jevervess_cola-bottle-0.25,2
data/train/jevervess_cola-bottle-0.25/62_0.png,jevervess_cola-bottle-0.25,2
data/train/jevervess_cola-bottle-0.25/23_0.png,jevervess_cola-bottle-0.25,2
data/train/jevervess_cola-bottle-0.25/50_0.png,jevervess_cola-bottle-0.25,2
data/train/jevervess_cola-bottle-0.25/11_0.png,jevervess_cola-bottle-0.25,2
data/train/jevervess_cola-bottle-0.25/85_0.png,jevervess_cola-bottle-0.25,2
data/train/jevervess_cola-bottle-0.25/74_0.png,jevervess_cola-bottle-0.25,2
data/train/jevervess_cola-bottle-0.25/78_0.png,jevervess_cola-bottle-0.25,2
data/train/jevervess_cola-bottle-0.25/4_0.png,jevervess_cola-bottle-0.25,2
data/train/jevervess_cola-bottle-0.25/68_0.png,jevervess_cola-bottle-0.25,2
data/train/jevervess_cola-bottle-0.25/17_0.png,jevervess_cola-bottle-0.25,2
data/train/jevervess_cola-bottle-0.25/56_0.png,jevervess_cola-bottle-0.25,2
data/train/jevervess_cola-bottle-0.25/59_0.png,jevervess_cola-bottle-0.25,2
data/train/jevervess_cola-bottle-0.25/21_0.png,jevervess_cola-bottle-0.25,2
data/train/jevervess_cola-bottle-0.25/84_0.png,jevervess_cola-bottle-0.25,2
data/train/jevervess_cola-bottle-0.25/33_0.png,jevervess_cola-bottle-0.25,2
data/train/jevervess_cola-bottle-0.25/55_0.png,jevervess_cola-bottle-0.25,2
data/train/jevervess_cola-bottle-0.25/45_0.png,jevervess_cola-bottle-0.25,2
data/train/jevervess_cola-bottle-0.25/90_0.png,jevervess_cola-bottle-0.25,2
data/train/jevervess_cola-bottle-0.25/83_0.png,jevervess_cola-bottle-0.25,2
data/train/jevervess_cola-bottle-0.25/54_0.png,jevervess_cola-bottle-0.25,2
data/train/jevervess_cola-bottle-0.25/48_0.png,jevervess_cola-bottle-0.25,2
data/train/jevervess_cola-bottle-0.25/29_0.png,jevervess_cola-bottle-0.25,2
data/train/jevervess_cola-bottle-0.25/77_0.png,jevervess_cola-bottle-0.25,2
data/train/jevervess_cola-bottle-0.25/76_0.png,jevervess_cola-bottle-0.25,2
data/train/jevervess_cola-bottle-0.25/51_0.png,jevervess_cola-bottle-0.25,2
data/train/jevervess_cola-bottle-0.25/91_0.png,jevervess_cola-bottle-0.25,2
data/train/jevervess_cola-bottle-0.25/71_0.png,jevervess_cola-bottle-0.25,2
data/train/jevervess_cola-bottle-0.25/81_0.png,jevervess_cola-bottle-0.25,2
data/train/cool_cola-bottle-0.33/1c602610-64fb-4725-bf61-0ef725cf4c35_1446_1199_148_654.png,cool_cola-bottle-0.33,3
data/train/cool_cola-bottle-0.33/1c602610-64fb-4725-bf61-0ef725cf4c35_1287_1188_150_668.png,cool_cola-bottle-0.33,3
data/train/cool_cola-bottle-0.33/1c602610-64fb-4725-bf61-0ef725cf4c35_1119_1182_159_662.png,cool_cola-bottle-0.33,3
data/train/cool_cola-bottle-0.33/4be4cb03-12f4-47c9-a734-d69aa06612de_1376_1099_185_661.png,cool_cola-bottle-0.33,3
data/train/cool_cola-bottle-0.33/4be4cb03-12f4-47c9-a734-d69aa06612de_1737_1100_144_649.png,cool_cola-bottle-0.33,3
data/train/cool_cola-bottle-0.33/4be4cb03-12f4-47c9-a734-d69aa06612de_1574_1098_151_654.png,cool_cola-bottle-0.33,3
data/train/cool_cola-bottle-0.33/111c658e-f35b-416b-ba1f-bba6da08c24e_2363_1461_168_729.png,cool_cola-bottle-0.33,3
data/train/cool_cola-bottle-0.33/e57d9ee0-54dc-41c8-8f1d-a25f36db380f_724_1442_179_700.png,cool_cola-bottle-0.33,3
data/train/cool_cola-bottle-0.33/86df9208-ab5d-449e-a08a-48a6bf232812_3146_394_127_464.png,cool_cola-bottle-0.33,3
data/train/cool_cola-bottle-0.33/86df9208-ab5d-449e-a08a-48a6bf232812_2911_390_93_444.png,cool_cola-bottle-0.33,3
data/train/cool_cola-bottle-0.33/afc7a93f-cd9a-486e-8fe3-c8946a1bad97_470_885_186_762.png,cool_cola-bottle-0.33,3
data/train/cool_cola-bottle-0.33/afc7a93f-cd9a-486e-8fe3-c8946a1bad97_60_885_200_762.png,cool_cola-bottle-0.33,3
data/train/cool_cola-bottle-0.33/afc7a93f-cd9a-486e-8fe3-c8946a1bad97_1256_879_180_751.png,cool_cola-bottle-0.33,3
data/train/cool_cola-bottle-0.33/afc7a93f-cd9a-486e-8fe3-c8946a1bad97_868_885_187_751.png,cool_cola-bottle-0.33,3
data/train/cool_cola-bottle-0.33/0d73a792-378a-4fdc-bd6b-e91a8bfb3f9f_2199_647_162_689.png,cool_cola-bottle-0.33,3
data/train/cool_cola-bottle-0.33/93ba1356-80e7-4400-82fa-36a8e3e952bd_1443_79_120_521.png,cool_cola-bottle-0.33,3
data/train/cool_cola-bottle-0.33/93ba1356-80e7-4400-82fa-36a8e3e952bd_1569_87_119_515.png,cool_cola-bottle-0.33,3
data/train/cool_cola-bottle-0.33/93ba1356-80e7-4400-82fa-36a8e3e952bd_1315_76_121_520.png,cool_cola-bottle-0.33,3
data/train/cool_cola-bottle-0.33/1717b416-8510-4cee-8a26-e809f5dd1bf5_786_1320_153_565.png,cool_cola-bottle-0.33,3
data/train/cool_cola-bottle-0.33/3b2590b2-0aa2-46ac-b824-2ba30ace3005_480_1276_134_527.png,cool_cola-bottle-0.33,3
data/train/cool_cola-bottle-0.33/89f477fa-d830-4fa1-808d-596fa57a1c39_1603_1645_159_709.png,cool_cola-bottle-0.33,3
data/train/cool_cola-bottle-0.33/625699c4-8d39-4878-b82b-38c6c5c0d9af_940_944_108_440.png,cool_cola-bottle-0.33,3
data/train/cool_cola-bottle-0.33/50387e6a-3a19-4de4-988c-a3f349785896_2337_1430_196_850.png,cool_cola-bottle-0.33,3
data/train/cool_cola-bottle-0.33/50387e6a-3a19-4de4-988c-a3f349785896_2123_1439_199_845.png,cool_cola-bottle-0.33,3
data/train/cool_cola-bottle-0.33/50387e6a-3a19-4de4-988c-a3f349785896_1908_1441_198_737.png,cool_cola-bottle-0.33,3
data/train/cool_cola-bottle-0.33/ada529fc-cc78-465a-afa4-9d401a640949_2853_1799_129_599.png,cool_cola-bottle-0.33,3
data/train/cool_cola-bottle-0.33/6dff00e5-db5a-4417-a04b-979ffbebfbcc_614_206_145_608.png,cool_cola-bottle-0.33,3
data/train/cool_cola-bottle-0.33/6dff00e5-db5a-4417-a04b-979ffbebfbcc_468_206_146_608.png,cool_cola-bottle-0.33,3
data/train/cool_cola-bottle-0.33/8409765d-9d2c-45b3-9ff3-311a24899100_1071_1_152_663.png,cool_cola-bottle-0.33,3
data/train/cool_cola-bottle-0.33/8409765d-9d2c-45b3-9ff3-311a24899100_924_-1_146_663.png,cool_cola-bottle-0.33,3
data/train/cool_cola-bottle-0.33/63dfd644-e85e-4058-826a-c0dc1fbb6b27_2184_222_195_796.png,cool_cola-bottle-0.33,3
data/train/cool_cola-bottle-0.33/8409765d-9d2c-45b3-9ff3-311a24899100_775_1_149_656.png,cool_cola-bottle-0.33,3
data/train/cool_cola-bottle-0.33/8409765d-9d2c-45b3-9ff3-311a24899100_473_2_151_652.png,cool_cola-bottle-0.33,3
data/train/cool_cola-bottle-0.33/8409765d-9d2c-45b3-9ff3-311a24899100_626_2_149_652.png,cool_cola-bottle-0.33,3
data/train/cool_cola-bottle-0.33/de8e1003-abd8-4f07-9fad-769f43fed0e5_2438_809_152_683.png,cool_cola-bottle-0.33,3
data/train/cool_cola-bottle-0.33/3bdc05fa-a54e-4059-986a-88095349798a_2732_922_118_569.png,cool_cola-bottle-0.33,3
data/train/cool_cola-bottle-0.33/3bdc05fa-a54e-4059-986a-88095349798a_2602_921_131_570.png,cool_cola-bottle-0.33,3
data/train/cool_cola-bottle-0.33/56801fb0-14cb-42ac-bbe3-f8c12a3eb19c_1496_20_153_668.png,cool_cola-bottle-0.33,3
data/train/cool_cola-bottle-0.33/56801fb0-14cb-42ac-bbe3-f8c12a3eb19c_2092_34_154_660.png,cool_cola-bottle-0.33,3
data/train/cool_cola-bottle-0.33/56801fb0-14cb-42ac-bbe3-f8c12a3eb19c_1649_35_146_653.png,cool_cola-bottle-0.33,3
data/train/cool_cola-bottle-0.33/56801fb0-14cb-42ac-bbe3-f8c12a3eb19c_1795_37_145_653.png,cool_cola-bottle-0.33,3
data/train/cool_cola-bottle-0.33/fd4bf8a2-2dc9-4c4d-9399-36be9116443e_179_116_124_649.png,cool_cola-bottle-0.33,3
data/train/cool_cola-bottle-0.33/320a41a3-598c-4c49-b5fe-4e428708430a_2595_245_162_648.png,cool_cola-bottle-0.33,3
data/train/cool_cola-bottle-0.33/320a41a3-598c-4c49-b5fe-4e428708430a_2758_242_150_650.png,cool_cola-bottle-0.33,3
data/train/cool_cola-bottle-0.33/6f8e6ff9-34cd-4868-b690-c33a132aebd6_1200_8_152_681.png,cool_cola-bottle-0.33,3
data/train/cool_cola-bottle-0.33/6f8e6ff9-34cd-4868-b690-c33a132aebd6_1040_5_157_694.png,cool_cola-bottle-0.33,3
data/train/cool_cola-bottle-0.33/558e67fe-e817-4a8a-8a16-b78443e5c3fe_2931_81_164_649.png,cool_cola-bottle-0.33,3
data/train/cool_cola-bottle-0.33/558e67fe-e817-4a8a-8a16-b78443e5c3fe_2778_80_152_650.png,cool_cola-bottle-0.33,3
data/train/cool_cola-bottle-0.33/558e67fe-e817-4a8a-8a16-b78443e5c3fe_2625_76_154_648.png,cool_cola-bottle-0.33,3
data/train/cool_cola-bottle-0.33/8ba95581-7a20-4084-b9f7-49d677c31c06_480_791_123_522.png,cool_cola-bottle-0.33,3
data/train/cool_cola-bottle-0.33/8ba95581-7a20-4084-b9f7-49d677c31c06_729_794_124_515.png,cool_cola-bottle-0.33,3
data/train/cool_cola-bottle-0.33/8ba95581-7a20-4084-b9f7-49d677c31c06_602_794_127_518.png,cool_cola-bottle-0.33,3
data/train/cool_cola-bottle-0.33/f66d7614-5ab0-44bb-9d6c-7d86635b1866_426_225_129_560.png,cool_cola-bottle-0.33,3
data/train/cool_cola-bottle-0.33/c8d23708-289c-408f-80dd-1d4e8821ad72_1308_68_165_714.png,cool_cola-bottle-0.33,3
data/train/cool_cola-bottle-0.33/c8d23708-289c-408f-80dd-1d4e8821ad72_1473_98_143_680.png,cool_cola-bottle-0.33,3
data/train/cool_cola-bottle-0.33/5ba16c84-0697-4101-b357-01aa5068aa07_908_668_104_504.png,cool_cola-bottle-0.33,3
data/train/cool_cola-bottle-0.33/5ba16c84-0697-4101-b357-01aa5068aa07_770_666_131_503.png,cool_cola-bottle-0.33,3
data/train/cool_cola-bottle-0.33/5ba16c84-0697-4101-b357-01aa5068aa07_1021_663_127_511.png,cool_cola-bottle-0.33,3
data/train/cool_cola-bottle-0.33/428d0e39-33f2-4d53-a510-a6574fc35eb5_2428_933_118_438.png,cool_cola-bottle-0.33,3
data/train/cool_cola-bottle-0.33/1b3cfcc9-4b46-4786-8500-0d537528fe3f_1870_391_125_546.png,cool_cola-bottle-0.33,3
data/train/cool_cola-bottle-0.33/1b3cfcc9-4b46-4786-8500-0d537528fe3f_1990_413_125_530.png,cool_cola-bottle-0.33,3
data/train/cool_cola-bottle-0.33/3412fd2a-0210-4482-8e83-37c0f52d3ffc_557_1044_130_513.png,cool_cola-bottle-0.33,3
data/train/cool_cola-bottle-0.33/443670e7-f6ab-48b0-803f-059fdc538a6f_446_505_152_556.png,cool_cola-bottle-0.33,3
data/train/cool_cola-bottle-0.33/443670e7-f6ab-48b0-803f-059fdc538a6f_164_491_132_565.png,cool_cola-bottle-0.33,3
data/train/cool_cola-bottle-0.33/18fdf0b5-db27-4478-88d1-40429afe4e30_46_1049_174_656.png,cool_cola-bottle-0.33,3
data/train/cool_cola-bottle-0.33/32e6e237-2b49-459f-a6ac-b41f9cf28d4c_147_968_204_765.png,cool_cola-bottle-0.33,3
data/train/cool_cola-bottle-0.33/5f988e51-e2f3-46fd-8989-0ceace0b188e_2494_1255_102_440.png,cool_cola-bottle-0.33,3
data/train/cool_cola-bottle-0.33/ec1c9981-944f-416a-8d16-44e7aa6233f0_1973_1291_156_637.png,cool_cola-bottle-0.33,3
data/train/cool_cola-bottle-0.33/3c998cfd-3c9d-415f-9c4f-73b933c934ac_2915_47_184_669.png,cool_cola-bottle-0.33,3
data/train/cool_cola-bottle-0.33/310a6b4f-d1a6-4e8e-9bf6-9c2b3f74bb98_1588_48_140_586.png,cool_cola-bottle-0.33,3
data/train/cool_cola-bottle-0.33/5479aa72-a60c-4c19-a4f0-5216c394a07e_2602_695_121_531.png,cool_cola-bottle-0.33,3
data/train/cool_cola-bottle-0.33/5479aa72-a60c-4c19-a4f0-5216c394a07e_2723_697_127_525.png,cool_cola-bottle-0.33,3
data/train/cool_cola-bottle-0.33/5479aa72-a60c-4c19-a4f0-5216c394a07e_2477_689_126_536.png,cool_cola-bottle-0.33,3
data/train/cool_cola-bottle-0.33/7d649f3a-a284-43be-b124-c1b34aaf38ea_2459_181_156_654.png,cool_cola-bottle-0.33,3
data/train/cool_cola-bottle-0.33/7d649f3a-a284-43be-b124-c1b34aaf38ea_2767_176_154_656.png,cool_cola-bottle-0.33,3
data/train/cool_cola-bottle-0.33/7d649f3a-a284-43be-b124-c1b34aaf38ea_2921_174_167_658.png,cool_cola-bottle-0.33,3
data/train/cool_cola-bottle-0.33/7d649f3a-a284-43be-b124-c1b34aaf38ea_2616_182_151_646.png,cool_cola-bottle-0.33,3
data/train/cool_cola-bottle-0.33/c6275152-a7af-430c-823a-487906edc68d_1566_676_190_756.png,cool_cola-bottle-0.33,3
data/train/cool_cola-bottle-0.33/c6275152-a7af-430c-823a-487906edc68d_1760_692_188_737.png,cool_cola-bottle-0.33,3
data/train/cool_cola-bottle-0.33/e0d36950-a07e-4991-bd65-44d6fa4d4898_265_1155_177_621.png,cool_cola-bottle-0.33,3
data/train/cool_cola-bottle-0.33/e0d36950-a07e-4991-bd65-44d6fa4d4898_96_1150_166_629.png,cool_cola-bottle-0.33,3
data/train/cool_cola-bottle-0.33/31_0.png,cool_cola-bottle-0.33,3
data/train/cool_cola-bottle-0.33/53_0.png,cool_cola-bottle-0.33,3
data/train/cool_cola-bottle-0.33/46_0.png,cool_cola-bottle-0.33,3
data/train/cool_cola-bottle-0.33/42_0.png,cool_cola-bottle-0.33,3
data/train/cool_cola-bottle-0.33/37_0.png,cool_cola-bottle-0.33,3
data/train/cool_cola-bottle-0.33/14_0.png,cool_cola-bottle-0.33,3
data/train/cool_cola-bottle-0.33/64_0.png,cool_cola-bottle-0.33,3
data/train/cool_cola-bottle-0.33/25_0.png,cool_cola-bottle-0.33,3
data/train/cool_cola-bottle-0.33/47_0.png,cool_cola-bottle-0.33,3
data/train/cool_cola-bottle-0.33/34_0.png,cool_cola-bottle-0.33,3
data/train/cool_cola-bottle-0.33/40_0.png,cool_cola-bottle-0.33,3
data/train/cool_cola-bottle-0.33/57_0.png,cool_cola-bottle-0.33,3
data/train/cool_cola-bottle-0.33/1_0.png,cool_cola-bottle-0.33,3
data/train/cool_cola-bottle-0.33/68_0.png,cool_cola-bottle-0.33,3
data/train/cool_cola-bottle-0.33/74_0.png,cool_cola-bottle-0.33,3
data/train/cool_cola-bottle-0.33/38_0.png,cool_cola-bottle-0.33,3
data/train/cool_cola-bottle-0.33/73_0.png,cool_cola-bottle-0.33,3
data/train/cool_cola-bottle-0.33/70_0.png,cool_cola-bottle-0.33,3
data/train/cool_cola-bottle-0.33/78_0.png,cool_cola-bottle-0.33,3
data/train/cool_cola-bottle-0.33/66_0.png,cool_cola-bottle-0.33,3
data/train/cool_cola-bottle-0.33/0_0.png,cool_cola-bottle-0.33,3
data/train/cool_cola-bottle-0.33/62_0.png,cool_cola-bottle-0.33,3
data/train/cool_cola-bottle-0.33/26_0.png,cool_cola-bottle-0.33,3
data/train/cool_cola-bottle-0.33/30_0.png,cool_cola-bottle-0.33,3
data/train/cool_cola-bottle-0.33/22_0.png,cool_cola-bottle-0.33,3
data/train/cool_cola-bottle-0.33/35_0.png,cool_cola-bottle-0.33,3
data/train/cool_cola-bottle-0.33/18_0.png,cool_cola-bottle-0.33,3
data/train/cool_cola-bottle-0.33/39_0.png,cool_cola-bottle-0.33,3
data/train/cool_cola-bottle-0.33/5_0.png,cool_cola-bottle-0.33,3
data/train/cool_cola-bottle-0.33/15_0.png,cool_cola-bottle-0.33,3
data/train/cool_cola-bottle-0.33/9_0.png,cool_cola-bottle-0.33,3
data/train/cool_cola-bottle-0.33/6_0.png,cool_cola-bottle-0.33,3
data/train/cool_cola-bottle-0.33/12_0.png,cool_cola-bottle-0.33,3
data/train/cool_cola-bottle-0.33/72_0.png,cool_cola-bottle-0.33,3
data/train/cool_cola-bottle-0.33/43_0.png,cool_cola-bottle-0.33,3
data/train/cool_cola-bottle-0.33/11_0.png,cool_cola-bottle-0.33,3
data/train/cool_cola-bottle-0.33/3_0.png,cool_cola-bottle-0.33,3
data/train/cool_cola-bottle-0.33/13_0.png,cool_cola-bottle-0.33,3
data/train/cool_cola-bottle-0.33/41_0.png,cool_cola-bottle-0.33,3
data/train/cool_cola-bottle-0.33/20_0.png,cool_cola-bottle-0.33,3
data/train/cool_cola-bottle-0.33/24_0.png,cool_cola-bottle-0.33,3
data/train/cool_cola-bottle-0.33/50_0.png,cool_cola-bottle-0.33,3
data/train/cool_cola-bottle-0.33/7_0.png,cool_cola-bottle-0.33,3
data/train/cool_cola-bottle-0.33/61_0.png,cool_cola-bottle-0.33,3
data/train/cool_cola-bottle-0.33/67_0.png,cool_cola-bottle-0.33,3
data/train/cool_cola-bottle-0.33/49_0.png,cool_cola-bottle-0.33,3
data/train/cool_cola-bottle-0.33/28_0.png,cool_cola-bottle-0.33,3
data/train/cool_cola-bottle-0.33/19_0.png,cool_cola-bottle-0.33,3
data/train/cool_cola-bottle-0.33/23_0.png,cool_cola-bottle-0.33,3
data/train/cool_cola-bottle-0.33/36_0.png,cool_cola-bottle-0.33,3
data/train/cool_cola-bottle-0.33/16_0.png,cool_cola-bottle-0.33,3
data/train/cool_cola-bottle-0.33/44_0.png,cool_cola-bottle-0.33,3
data/train/cool_cola-bottle-0.33/2_0.png,cool_cola-bottle-0.33,3
data/train/cool_cola-bottle-0.33/58_0.png,cool_cola-bottle-0.33,3
data/train/cool_cola-bottle-0.33/10_0.png,cool_cola-bottle-0.33,3
data/train/cool_cola-bottle-0.33/79_0.png,cool_cola-bottle-0.33,3
data/train/cool_cola-bottle-0.33/27_0.png,cool_cola-bottle-0.33,3
data/train/cool_cola-bottle-0.33/63_0.png,cool_cola-bottle-0.33,3
data/train/cool_cola-bottle-0.33/52_0.png,cool_cola-bottle-0.33,3
data/train/cool_cola-bottle-0.33/69_0.png,cool_cola-bottle-0.33,3
data/train/cool_cola-bottle-0.33/65_0.png,cool_cola-bottle-0.33,3
data/train/cool_cola-bottle-0.33/32_0.png,cool_cola-bottle-0.33,3
data/train/cool_cola-bottle-0.33/60_0.png,cool_cola-bottle-0.33,3
data/train/cool_cola-bottle-0.33/4_0.png,cool_cola-bottle-0.33,3
data/train/cool_cola-bottle-0.33/17_0.png,cool_cola-bottle-0.33,3
data/train/cool_cola-bottle-0.33/56_0.png,cool_cola-bottle-0.33,3
data/train/cool_cola-bottle-0.33/59_0.png,cool_cola-bottle-0.33,3
data/train/cool_cola-bottle-0.33/21_0.png,cool_cola-bottle-0.33,3
data/train/cool_cola-bottle-0.33/75_0.png,cool_cola-bottle-0.33,3
data/train/cool_cola-bottle-0.33/33_0.png,cool_cola-bottle-0.33,3
data/train/cool_cola-bottle-0.33/55_0.png,cool_cola-bottle-0.33,3
data/train/cool_cola-bottle-0.33/45_0.png,cool_cola-bottle-0.33,3
data/train/cool_cola-bottle-0.33/80_0.png,cool_cola-bottle-0.33,3
data/train/cool_cola-bottle-0.33/54_0.png,cool_cola-bottle-0.33,3
data/train/cool_cola-bottle-0.33/48_0.png,cool_cola-bottle-0.33,3
data/train/cool_cola-bottle-0.33/29_0.png,cool_cola-bottle-0.33,3
data/train/cool_cola-bottle-0.33/77_0.png,cool_cola-bottle-0.33,3
data/train/cool_cola-bottle-0.33/76_0.png,cool_cola-bottle-0.33,3
data/train/cool_cola-bottle-0.33/51_0.png,cool_cola-bottle-0.33,3
data/train/cool_cola-bottle-0.33/71_0.png,cool_cola-bottle-0.33,3
data/train/cool_cola-bottle-0.33/8_0.png,cool_cola-bottle-0.33,3
data/train/e_on_citrus_punch-can-0.45/b2afd446-6bdd-46e4-b198-3985d42918aa_1802_353_261_640.png,e_on_citrus_punch-can-0.45,4
data/train/e_on_citrus_punch-can-0.45/fab42eca-0a15-4de3-8b51-033450994325_1573_1522_192_475.png,e_on_citrus_punch-can-0.45,4
data/train/e_on_citrus_punch-can-0.45/2e43930e-9780-4a8c-9887-959a66d24853_1309_689_183_496.png,e_on_citrus_punch-can-0.45,4
data/train/e_on_citrus_punch-can-0.45/9344eb2e-9abd-479b-9f0e-a3ebd54b5c4c_750_451_237_606.png,e_on_citrus_punch-can-0.45,4
data/train/e_on_citrus_punch-can-0.45/755f3f34-96c7-418b-b9e1-44f6972997e6_63_1431_245_711.png,e_on_citrus_punch-can-0.45,4
data/train/e_on_citrus_punch-can-0.45/960d5031-0f1b-4e2d-a413-7afca5449518_1721_958_267_703.png,e_on_citrus_punch-can-0.45,4
data/train/e_on_citrus_punch-can-0.45/3c47d82b-cf1e-4eb5-babd-f77e12f33ffe_2360_3154_243_675.png,e_on_citrus_punch-can-0.45,4
data/train/e_on_citrus_punch-can-0.45/fc52ba85-3046-4c54-812a-d742875ccde9_2028_416_298_713.png,e_on_citrus_punch-can-0.45,4
data/train/e_on_citrus_punch-can-0.45/afce36d0-8407-4503-bd5e-c5c4328d83f8_661_1132_167_365.png,e_on_citrus_punch-can-0.45,4
data/train/e_on_citrus_punch-can-0.45/bb0c96a6-bc9d-493e-9ada-06a832c4f4b3_1501_612_168_486.png,e_on_citrus_punch-can-0.45,4
data/train/e_on_citrus_punch-can-0.45/20aac0b7-000d-48fb-9b91-40c7dc099eb7_692_1150_205_455.png,e_on_citrus_punch-can-0.45,4
data/train/e_on_citrus_punch-can-0.45/061f1b46-960b-4b85-9f08-8263fb94fb7d_1308_219_184_541.png,e_on_citrus_punch-can-0.45,4
data/train/e_on_citrus_punch-can-0.45/bdf8e489-b93f-4d60-b51c-f070cd6d5b55_2229_620_213_670.png,e_on_citrus_punch-can-0.45,4
data/train/e_on_citrus_punch-can-0.45/98ba6752-b5b2-4193-bb38-a56f7284c1ee_1994_1612_300_699.png,e_on_citrus_punch-can-0.45,4
data/train/e_on_citrus_punch-can-0.45/355d457f-173f-4e61-a8fb-a35199a550a3_1029_1946_317_952.png,e_on_citrus_punch-can-0.45,4
data/train/e_on_citrus_punch-can-0.45/6851bf77-c4a5-41a8-8366-a706a12699ab_429_1381_192_532.png,e_on_citrus_punch-can-0.45,4
data/train/e_on_citrus_punch-can-0.45/2697608a-d2e6-49de-857d-1e6a0bb23b03_1784_1127_134_328.png,e_on_citrus_punch-can-0.45,4
data/train/e_on_citrus_punch-can-0.45/2697608a-d2e6-49de-857d-1e6a0bb23b03_1911_1127_132_326.png,e_on_citrus_punch-can-0.45,4
data/train/e_on_citrus_punch-can-0.45/2697608a-d2e6-49de-857d-1e6a0bb23b03_1666_1124_138_335.png,e_on_citrus_punch-can-0.45,4
data/train/e_on_citrus_punch-can-0.45/aaf96fd5-354c-454e-b384-daa6ad666a54_1088_3220_136_370.png,e_on_citrus_punch-can-0.45,4
data/train/e_on_citrus_punch-can-0.45/2116325b-0d88-41ae-9bf7-f50f23689bd0_2781_1213_131_329.png,e_on_citrus_punch-can-0.45,4
data/train/e_on_citrus_punch-can-0.45/2116325b-0d88-41ae-9bf7-f50f23689bd0_2903_1229_88_267.png,e_on_citrus_punch-can-0.45,4
data/train/e_on_citrus_punch-can-0.45/msg1235979315-72492.png,e_on_citrus_punch-can-0.45,4
data/train/e_on_citrus_punch-can-0.45/msg1235979315-72490.png,e_on_citrus_punch-can-0.45,4
data/train/e_on_citrus_punch-can-0.45/msg1235979315-72489.png,e_on_citrus_punch-can-0.45,4
data/train/e_on_citrus_punch-can-0.45/msg1235979315-72486.png,e_on_citrus_punch-can-0.45,4
data/train/e_on_citrus_punch-can-0.45/msg1235979315-72488.png,e_on_citrus_punch-can-0.45,4
data/train/e_on_citrus_punch-can-0.45/msg1235979315-72487.png,e_on_citrus_punch-can-0.45,4
data/train/e_on_citrus_punch-can-0.45/msg1235979315-72491.png,e_on_citrus_punch-can-0.45,4
data/train/e_on_citrus_punch-can-0.45/msg1235979315-72483.png,e_on_citrus_punch-can-0.45,4
data/train/e_on_citrus_punch-can-0.45/msg1235979315-72482.png,e_on_citrus_punch-can-0.45,4
data/train/e_on_citrus_punch-can-0.45/msg1235979315-72477.png,e_on_citrus_punch-can-0.45,4
data/train/e_on_citrus_punch-can-0.45/msg1235979315-72479.png,e_on_citrus_punch-can-0.45,4
data/train/e_on_citrus_punch-can-0.45/msg1235979315-72478.png,e_on_citrus_punch-can-0.45,4
data/train/e_on_citrus_punch-can-0.45/msg1235979315-72480.png,e_on_citrus_punch-can-0.45,4
data/train/e_on_citrus_punch-can-0.45/msg1235979315-72475.png,e_on_citrus_punch-can-0.45,4
data/train/e_on_citrus_punch-can-0.45/msg1235979315-72476.png,e_on_citrus_punch-can-0.45,4
data/train/e_on_citrus_punch-can-0.45/msg1235979315-72481.png,e_on_citrus_punch-can-0.45,4
data/train/e_on_citrus_punch-can-0.45/msg1235979315-72474.png,e_on_citrus_punch-can-0.45,4
data/train/e_on_citrus_punch-can-0.45/msg1235979315-72493.png,e_on_citrus_punch-can-0.45,4
data/train/e_on_citrus_punch-can-0.45/msg1235979315-72496.png,e_on_citrus_punch-can-0.45,4
data/train/e_on_citrus_punch-can-0.45/msg1235979315-72501.png,e_on_citrus_punch-can-0.45,4
data/train/e_on_citrus_punch-can-0.45/msg1235979315-72500.png,e_on_citrus_punch-can-0.45,4
data/train/e_on_citrus_punch-can-0.45/msg1235979315-72509.png,e_on_citrus_punch-can-0.45,4
data/train/e_on_citrus_punch-can-0.45/msg1235979315-72506.png,e_on_citrus_punch-can-0.45,4
data/train/e_on_citrus_punch-can-0.45/msg1235979315-72507.png,e_on_citrus_punch-can-0.45,4
data/train/e_on_citrus_punch-can-0.45/msg1235979315-72505.png,e_on_citrus_punch-can-0.45,4
data/train/e_on_citrus_punch-can-0.45/msg1235979315-72504.png,e_on_citrus_punch-can-0.45,4
data/train/e_on_citrus_punch-can-0.45/msg1235979315-72502.png,e_on_citrus_punch-can-0.45,4
data/train/e_on_citrus_punch-can-0.45/msg1235979315-72503.png,e_on_citrus_punch-can-0.45,4
data/train/e_on_citrus_punch-can-0.45/48_1.png,e_on_citrus_punch-can-0.45,4
data/train/e_on_citrus_punch-can-0.45/17_2.png,e_on_citrus_punch-can-0.45,4
data/train/e_on_citrus_punch-can-0.45/36_0.png,e_on_citrus_punch-can-0.45,4
data/train/e_on_citrus_punch-can-0.45/22_1.png,e_on_citrus_punch-can-0.45,4
data/train/e_on_citrus_punch-can-0.45/39_1.png,e_on_citrus_punch-can-0.45,4
data/train/e_on_citrus_punch-can-0.45/47_2.png,e_on_citrus_punch-can-0.45,4
data/train/e_on_citrus_punch-can-0.45/21_2.png,e_on_citrus_punch-can-0.45,4
data/train/e_on_citrus_punch-can-0.45/47_0.png,e_on_citrus_punch-can-0.45,4
data/train/e_on_citrus_punch-can-0.45/0_0.png,e_on_citrus_punch-can-0.45,4
data/train/e_on_citrus_punch-can-0.45/7_0.png,e_on_citrus_punch-can-0.45,4
data/train/e_on_citrus_punch-can-0.45/44_0.png,e_on_citrus_punch-can-0.45,4
data/train/e_on_citrus_punch-can-0.45/23_2.png,e_on_citrus_punch-can-0.45,4
data/train/e_on_citrus_punch-can-0.45/12_2.png,e_on_citrus_punch-can-0.45,4
data/train/e_on_citrus_punch-can-0.45/35_0.png,e_on_citrus_punch-can-0.45,4
data/train/e_on_citrus_punch-can-0.45/13_2.png,e_on_citrus_punch-can-0.45,4
data/train/e_on_citrus_punch-can-0.45/8_1.png,e_on_citrus_punch-can-0.45,4
data/train/e_on_citrus_punch-can-0.45/25_0.png,e_on_citrus_punch-can-0.45,4
data/train/e_on_citrus_punch-can-0.45/48_2.png,e_on_citrus_punch-can-0.45,4
data/train/e_on_citrus_punch-can-0.45/26_2.png,e_on_citrus_punch-can-0.45,4
data/train/e_on_citrus_punch-can-0.45/11_1.png,e_on_citrus_punch-can-0.45,4
data/train/e_on_citrus_punch-can-0.45/25_2.png,e_on_citrus_punch-can-0.45,4
data/train/e_on_citrus_punch-can-0.45/27_2.png,e_on_citrus_punch-can-0.45,4
data/train/e_on_citrus_punch-can-0.45/14_2.png,e_on_citrus_punch-can-0.45,4
data/train/e_on_citrus_punch-can-0.45/43_2.png,e_on_citrus_punch-can-0.45,4
data/train/e_on_citrus_punch-can-0.45/15_1.png,e_on_citrus_punch-can-0.45,4
data/train/e_on_citrus_punch-can-0.45/26_0.png,e_on_citrus_punch-can-0.45,4
data/train/e_on_citrus_punch-can-0.45/14_0.png,e_on_citrus_punch-can-0.45,4
data/train/e_on_citrus_punch-can-0.45/24_2.png,e_on_citrus_punch-can-0.45,4
data/train/e_on_citrus_punch-can-0.45/20_1.png,e_on_citrus_punch-can-0.45,4
data/train/e_on_citrus_punch-can-0.45/33_2.png,e_on_citrus_punch-can-0.45,4
data/train/e_on_citrus_punch-can-0.45/30_0.png,e_on_citrus_punch-can-0.45,4
data/train/e_on_citrus_punch-can-0.45/24_1.png,e_on_citrus_punch-can-0.45,4
data/train/e_on_citrus_punch-can-0.45/37_1.png,e_on_citrus_punch-can-0.45,4
data/train/e_on_citrus_punch-can-0.45/7_2.png,e_on_citrus_punch-can-0.45,4
data/train/e_on_citrus_punch-can-0.45/28_1.png,e_on_citrus_punch-can-0.45,4
data/train/e_on_citrus_punch-can-0.45/17_0.png,e_on_citrus_punch-can-0.45,4
data/train/e_on_citrus_punch-can-0.45/22_2.png,e_on_citrus_punch-can-0.45,4
data/train/e_on_citrus_punch-can-0.45/38_2.png,e_on_citrus_punch-can-0.45,4
data/train/e_on_citrus_punch-can-0.45/24_0.png,e_on_citrus_punch-can-0.45,4
data/train/e_on_citrus_punch-can-0.45/23_1.png,e_on_citrus_punch-can-0.45,4
data/train/e_on_citrus_punch-can-0.45/15_0.png,e_on_citrus_punch-can-0.45,4
data/train/e_on_citrus_punch-can-0.45/28_0.png,e_on_citrus_punch-can-0.45,4
data/train/e_on_citrus_punch-can-0.45/39_0.png,e_on_citrus_punch-can-0.45,4
data/train/e_on_citrus_punch-can-0.45/20_2.png,e_on_citrus_punch-can-0.45,4
data/train/e_on_citrus_punch-can-0.45/16_1.png,e_on_citrus_punch-can-0.45,4
data/train/e_on_citrus_punch-can-0.45/32_1.png,e_on_citrus_punch-can-0.45,4
data/train/e_on_citrus_punch-can-0.45/43_1.png,e_on_citrus_punch-can-0.45,4
data/train/e_on_citrus_punch-can-0.45/1_2.png,e_on_citrus_punch-can-0.45,4
data/train/e_on_citrus_punch-can-0.45/2_2.png,e_on_citrus_punch-can-0.45,4
data/train/e_on_citrus_punch-can-0.45/29_2.png,e_on_citrus_punch-can-0.45,4
data/train/e_on_citrus_punch-can-0.45/1_1.png,e_on_citrus_punch-can-0.45,4
data/train/e_on_citrus_punch-can-0.45/18_1.png,e_on_citrus_punch-can-0.45,4
data/train/e_on_citrus_punch-can-0.45/13_0.png,e_on_citrus_punch-can-0.45,4
data/train/e_on_citrus_punch-can-0.45/40_2.png,e_on_citrus_punch-can-0.45,4
data/train/e_on_citrus_punch-can-0.45/47_1.png,e_on_citrus_punch-can-0.45,4
data/train/e_on_citrus_punch-can-0.45/15_2.png,e_on_citrus_punch-can-0.45,4
data/train/e_on_citrus_punch-can-0.45/12_1.png,e_on_citrus_punch-can-0.45,4
data/train/e_on_citrus_punch-can-0.45/4_1.png,e_on_citrus_punch-can-0.45,4
data/train/e_on_citrus_punch-can-0.45/45_1.png,e_on_citrus_punch-can-0.45,4
data/train/e_on_citrus_punch-can-0.45/46_1.png,e_on_citrus_punch-can-0.45,4
data/train/e_on_citrus_punch-can-0.45/29_1.png,e_on_citrus_punch-can-0.45,4
data/train/e_on_citrus_punch-can-0.45/4_2.png,e_on_citrus_punch-can-0.45,4
data/train/e_on_citrus_punch-can-0.45/5_0.png,e_on_citrus_punch-can-0.45,4
data/train/e_on_citrus_punch-can-0.45/19_2.png,e_on_citrus_punch-can-0.45,4
data/train/e_on_citrus_punch-can-0.45/23_0.png,e_on_citrus_punch-can-0.45,4
data/train/e_on_citrus_punch-can-0.45/28_2.png,e_on_citrus_punch-can-0.45,4
data/train/e_on_citrus_punch-can-0.45/2_0.png,e_on_citrus_punch-can-0.45,4
data/train/e_on_citrus_punch-can-0.45/10_0.png,e_on_citrus_punch-can-0.45,4
data/train/e_on_citrus_punch-can-0.45/44_1.png,e_on_citrus_punch-can-0.45,4
data/train/e_on_citrus_punch-can-0.45/29_0.png,e_on_citrus_punch-can-0.45,4
data/train/e_on_citrus_punch-can-0.45/8_0.png,e_on_citrus_punch-can-0.45,4
data/train/e_on_citrus_punch-can-0.45/32_0.png,e_on_citrus_punch-can-0.45,4
data/train/e_on_citrus_punch-can-0.45/34_1.png,e_on_citrus_punch-can-0.45,4
data/train/e_on_citrus_punch-can-0.45/31_2.png,e_on_citrus_punch-can-0.45,4
data/train/e_on_citrus_punch-can-0.45/41_2.png,e_on_citrus_punch-can-0.45,4
data/train/e_on_citrus_punch-can-0.45/16_2.png,e_on_citrus_punch-can-0.45,4
data/train/e_on_citrus_punch-can-0.45/6_0.png,e_on_citrus_punch-can-0.45,4
data/train/e_on_citrus_punch-can-0.45/21_0.png,e_on_citrus_punch-can-0.45,4
data/train/e_on_citrus_punch-can-0.45/30_2.png,e_on_citrus_punch-can-0.45,4
data/train/e_on_citrus_punch-can-0.45/49_2.png,e_on_citrus_punch-can-0.45,4
data/train/e_on_citrus_punch-can-0.45/42_2.png,e_on_citrus_punch-can-0.45,4
data/train/e_on_citrus_punch-can-0.45/18_2.png,e_on_citrus_punch-can-0.45,4
data/train/e_on_citrus_punch-can-0.45/41_0.png,e_on_citrus_punch-can-0.45,4
data/train/e_on_citrus_punch-can-0.45/26_1.png,e_on_citrus_punch-can-0.45,4
data/train/e_on_citrus_punch-can-0.45/9_0.png,e_on_citrus_punch-can-0.45,4
data/train/e_on_citrus_punch-can-0.45/7_1.png,e_on_citrus_punch-can-0.45,4
data/train/e_on_citrus_punch-can-0.45/0_1.png,e_on_citrus_punch-can-0.45,4
data/train/e_on_citrus_punch-can-0.45/46_0.png,e_on_citrus_punch-can-0.45,4
data/train/e_on_citrus_punch-can-0.45/31_0.png,e_on_citrus_punch-can-0.45,4
data/train/e_on_citrus_punch-can-0.45/27_0.png,e_on_citrus_punch-can-0.45,4
data/train/e_on_citrus_punch-can-0.45/6_1.png,e_on_citrus_punch-can-0.45,4
data/train/e_on_citrus_punch-can-0.45/20_0.png,e_on_citrus_punch-can-0.45,4
data/train/e_on_citrus_punch-can-0.45/13_1.png,e_on_citrus_punch-can-0.45,4
data/train/e_on_citrus_punch-can-0.45/38_1.png,e_on_citrus_punch-can-0.45,4
data/train/e_on_citrus_punch-can-0.45/43_0.png,e_on_citrus_punch-can-0.45,4
data/train/e_on_citrus_punch-can-0.45/5_2.png,e_on_citrus_punch-can-0.45,4
data/train/e_on_citrus_punch-can-0.45/0_2.png,e_on_citrus_punch-can-0.45,4
data/train/e_on_citrus_punch-can-0.45/45_2.png,e_on_citrus_punch-can-0.45,4
data/train/e_on_citrus_punch-can-0.45/11_0.png,e_on_citrus_punch-can-0.45,4
data/train/e_on_citrus_punch-can-0.45/41_1.png,e_on_citrus_punch-can-0.45,4
data/train/e_on_citrus_punch-can-0.45/34_2.png,e_on_citrus_punch-can-0.45,4
data/train/e_on_citrus_punch-can-0.45/6_2.png,e_on_citrus_punch-can-0.45,4
data/train/e_on_citrus_punch-can-0.45/12_0.png,e_on_citrus_punch-can-0.45,4
data/train/e_on_citrus_punch-can-0.45/10_2.png,e_on_citrus_punch-can-0.45,4
data/train/e_on_citrus_punch-can-0.45/3_0.png,e_on_citrus_punch-can-0.45,4
data/train/e_on_citrus_punch-can-0.45/31_1.png,e_on_citrus_punch-can-0.45,4
data/train/e_on_citrus_punch-can-0.45/49_1.png,e_on_citrus_punch-can-0.45,4
data/train/e_on_citrus_punch-can-0.45/2_1.png,e_on_citrus_punch-can-0.45,4
data/train/e_on_citrus_punch-can-0.45/34_0.png,e_on_citrus_punch-can-0.45,4
data/train/e_on_citrus_punch-can-0.45/11_2.png,e_on_citrus_punch-can-0.45,4
data/train/e_on_citrus_punch-can-0.45/30_1.png,e_on_citrus_punch-can-0.45,4
data/train/e_on_citrus_punch-can-0.45/17_1.png,e_on_citrus_punch-can-0.45,4
data/train/e_on_citrus_punch-can-0.45/9_2.png,e_on_citrus_punch-can-0.45,4
data/train/e_on_citrus_punch-can-0.45/1_0.png,e_on_citrus_punch-can-0.45,4
data/train/e_on_citrus_punch-can-0.45/44_2.png,e_on_citrus_punch-can-0.45,4
data/train/e_on_citrus_punch-can-0.45/48_0.png,e_on_citrus_punch-can-0.45,4
data/train/e_on_citrus_punch-can-0.45/32_2.png,e_on_citrus_punch-can-0.45,4
data/train/e_on_citrus_punch-can-0.45/45_0.png,e_on_citrus_punch-can-0.45,4
data/train/e_on_citrus_punch-can-0.45/36_1.png,e_on_citrus_punch-can-0.45,4
data/train/e_on_citrus_punch-can-0.45/35_2.png,e_on_citrus_punch-can-0.45,4
data/train/e_on_citrus_punch-can-0.45/21_1.png,e_on_citrus_punch-can-0.45,4
data/train/e_on_citrus_punch-can-0.45/42_1.png,e_on_citrus_punch-can-0.45,4
data/train/e_on_citrus_punch-can-0.45/3_2.png,e_on_citrus_punch-can-0.45,4
data/train/e_on_citrus_punch-can-0.45/16_0.png,e_on_citrus_punch-can-0.45,4
data/train/e_on_citrus_punch-can-0.45/46_2.png,e_on_citrus_punch-can-0.45,4
data/train/e_on_citrus_punch-can-0.45/19_1.png,e_on_citrus_punch-can-0.45,4
data/train/e_on_citrus_punch-can-0.45/27_1.png,e_on_citrus_punch-can-0.45,4
data/train/e_on_citrus_punch-can-0.45/19_0.png,e_on_citrus_punch-can-0.45,4
data/train/e_on_citrus_punch-can-0.45/37_0.png,e_on_citrus_punch-can-0.45,4
data/train/e_on_citrus_punch-can-0.45/10_1.png,e_on_citrus_punch-can-0.45,4
data/train/e_on_citrus_punch-can-0.45/33_1.png,e_on_citrus_punch-can-0.45,4
data/train/e_on_citrus_punch-can-0.45/4_0.png,e_on_citrus_punch-can-0.45,4
data/train/e_on_citrus_punch-can-0.45/40_1.png,e_on_citrus_punch-can-0.45,4
data/train/e_on_citrus_punch-can-0.45/36_2.png,e_on_citrus_punch-can-0.45,4
data/train/e_on_citrus_punch-can-0.45/49_0.png,e_on_citrus_punch-can-0.45,4
data/train/e_on_citrus_punch-can-0.45/14_1.png,e_on_citrus_punch-can-0.45,4
data/train/e_on_citrus_punch-can-0.45/40_0.png,e_on_citrus_punch-can-0.45,4
data/train/e_on_citrus_punch-can-0.45/42_0.png,e_on_citrus_punch-can-0.45,4
data/train/e_on_citrus_punch-can-0.45/18_0.png,e_on_citrus_punch-can-0.45,4
data/train/e_on_citrus_punch-can-0.45/9_1.png,e_on_citrus_punch-can-0.45,4
data/train/e_on_citrus_punch-can-0.45/25_1.png,e_on_citrus_punch-can-0.45,4
data/train/e_on_citrus_punch-can-0.45/3_1.png,e_on_citrus_punch-can-0.45,4
data/train/e_on_citrus_punch-can-0.45/33_0.png,e_on_citrus_punch-can-0.45,4
data/train/e_on_citrus_punch-can-0.45/37_2.png,e_on_citrus_punch-can-0.45,4
data/train/e_on_citrus_punch-can-0.45/39_2.png,e_on_citrus_punch-can-0.45,4
data/train/e_on_citrus_punch-can-0.45/35_1.png,e_on_citrus_punch-can-0.45,4
data/train/e_on_citrus_punch-can-0.45/22_0.png,e_on_citrus_punch-can-0.45,4
data/train/e_on_citrus_punch-can-0.45/8_2.png,e_on_citrus_punch-can-0.45,4
data/train/e_on_citrus_punch-can-0.45/38_0.png,e_on_citrus_punch-can-0.45,4
data/train/e_on_citrus_punch-can-0.45/5_1.png,e_on_citrus_punch-can-0.45,4
data/train/pepsi_max-pet-2.0/9347ba8e-68c1-4f32-be70-9371f886da20_2390_3708_259_817.png,pepsi_max-pet-2.0,5
data/train/pepsi_max-pet-2.0/07ffd0ce-09d4-4af6-81d4-0b33d4295ef3_1111_3349_262_676.png,pepsi_max-pet-2.0,5
data/train/pepsi_max-pet-2.0/07ffd0ce-09d4-4af6-81d4-0b33d4295ef3_913_3339_252_699.png,pepsi_max-pet-2.0,5
data/train/pepsi_max-pet-2.0/07ffd0ce-09d4-4af6-81d4-0b33d4295ef3_704_3346_252_688.png,pepsi_max-pet-2.0,5
data/train/pepsi_max-pet-2.0/86e82bc1-44ab-4842-ab70-94e04f4fdec9_2303_2860_303_1023.png,pepsi_max-pet-2.0,5
data/train/pepsi_max-pet-2.0/86e82bc1-44ab-4842-ab70-94e04f4fdec9_1960_2860_334_1095.png,pepsi_max-pet-2.0,5
data/train/pepsi_max-pet-2.0/58d02d77-84f5-4e9f-8bfc-636fe03b9b09_2265_2587_268_654.png,pepsi_max-pet-2.0,5
data/train/pepsi_max-pet-2.0/153e9568-668e-4726-bc57-984a91475a83_1745_3277_255_687.png,pepsi_max-pet-2.0,5
data/train/pepsi_max-pet-2.0/153e9568-668e-4726-bc57-984a91475a83_2166_3279_242_694.png,pepsi_max-pet-2.0,5
data/train/pepsi_max-pet-2.0/153e9568-668e-4726-bc57-984a91475a83_1952_3272_260_707.png,pepsi_max-pet-2.0,5
data/train/pepsi_max-pet-2.0/63de9c36-7cf3-4c3b-a90e-2ae764fbf6f1_1930_3765_228_776.png,pepsi_max-pet-2.0,5
data/train/pepsi_max-pet-2.0/3a70e040-6e6f-4747-bc85-90a8f055654c_746_3040_218_678.png,pepsi_max-pet-2.0,5
data/train/pepsi_max-pet-2.0/3a70e040-6e6f-4747-bc85-90a8f055654c_923_3030_213_686.png,pepsi_max-pet-2.0,5
data/train/pepsi_max-pet-2.0/f2d63d00-b297-4e00-b94d-201328c59a78_1480_2451_234_680.png,pepsi_max-pet-2.0,5
data/train/pepsi_max-pet-2.0/6cec37b9-a2d8-427d-a138-58d064690ce1_2599_2398_226_662.png,pepsi_max-pet-2.0,5
data/train/pepsi_max-pet-2.0/818ee2ed-bffa-409d-8fab-e0064de33e99_2224_1105_320_1025.png,pepsi_max-pet-2.0,5
data/train/pepsi_max-pet-2.0/93e72a54-8f3b-47e3-9400-614740f3f9b2_770_3339_249_767.png,pepsi_max-pet-2.0,5
data/train/pepsi_max-pet-2.0/93e72a54-8f3b-47e3-9400-614740f3f9b2_543_3351_252_779.png,pepsi_max-pet-2.0,5
data/train/pepsi_max-pet-2.0/b95fe14c-a194-4b16-ae40-e66d2532e7ae_2931_3296_194_742.png,pepsi_max-pet-2.0,5
data/train/pepsi_max-pet-2.0/bf206473-04d7-4d46-9fd2-538cc5789e31_170_3337_245_680.png,pepsi_max-pet-2.0,5
data/train/pepsi_max-pet-2.0/bf206473-04d7-4d46-9fd2-538cc5789e31_364_3347_255_665.png,pepsi_max-pet-2.0,5
data/train/pepsi_max-pet-2.0/d4b27c68-5b40-4d87-8c11-bb666675e49f_2664_2823_203_552.png,pepsi_max-pet-2.0,5
data/train/pepsi_max-pet-2.0/04e8bc80-bcad-4a53-9a56-b71aa9c730ed_1809_3322_244_773.png,pepsi_max-pet-2.0,5
data/train/pepsi_max-pet-2.0/04e8bc80-bcad-4a53-9a56-b71aa9c730ed_1595_3331_257_783.png,pepsi_max-pet-2.0,5
data/train/pepsi_max-pet-2.0/82538d76-8509-4781-90a6-e6b7d0d16907_79_2500_217_590.png,pepsi_max-pet-2.0,5
data/train/pepsi_max-pet-2.0/fb53a090-25e9-4b06-a0ed-029c62ac5054_2729_2984_238_690.png,pepsi_max-pet-2.0,5
data/train/pepsi_max-pet-2.0/a87514be-ab3b-4d70-8d3e-70d590e778f2_20_3849_185_751.png,pepsi_max-pet-2.0,5
data/train/pepsi_max-pet-2.0/9f3a4e52-adf3-43b4-a691-09fa13b5bf05_16_3377_246_677.png,pepsi_max-pet-2.0,5
data/train/pepsi_max-pet-2.0/a2b71839-10a0-46c2-bab6-1f969a777236_760_2342_181_632.png,pepsi_max-pet-2.0,5
data/train/pepsi_max-pet-2.0/04db4b7b-5710-46ee-a3ea-f5d995ebf6ff_1743_3417_230_682.png,pepsi_max-pet-2.0,5
data/train/pepsi_max-pet-2.0/f0f8240a-2048-43df-8fc8-b55802c5b4e6_2285_3295_240_684.png,pepsi_max-pet-2.0,5
data/train/pepsi_max-pet-2.0/b8508359-a6d9-418e-a516-752d5a4c8d0f_285_3415_215_692.png,pepsi_max-pet-2.0,5
data/train/pepsi_max-pet-2.0/f0f8240a-2048-43df-8fc8-b55802c5b4e6_2695_3310_247_684.png,pepsi_max-pet-2.0,5
data/train/pepsi_max-pet-2.0/f0f8240a-2048-43df-8fc8-b55802c5b4e6_2481_3303_251_683.png,pepsi_max-pet-2.0,5
data/train/pepsi_max-pet-2.0/2b0b4c86-7fe5-4c5b-bbb9-299a625e2c4a_943_3138_277_714.png,pepsi_max-pet-2.0,5
data/train/pepsi_max-pet-2.0/dec6fdee-cf9b-4d28-9bad-48d8f142e5bc_748_2709_286_805.png,pepsi_max-pet-2.0,5
data/train/pepsi_max-pet-2.0/dec6fdee-cf9b-4d28-9bad-48d8f142e5bc_511_2714_286_794.png,pepsi_max-pet-2.0,5
data/train/pepsi_max-pet-2.0/01414e38-e434-4798-8a7d-dabf3fe3bc31_1610_2780_188_570.png,pepsi_max-pet-2.0,5
data/train/pepsi_max-pet-2.0/ad34ed70-b6a7-430b-9e26-367506fba041_2296_2888_298_770.png,pepsi_max-pet-2.0,5
data/train/pepsi_max-pet-2.0/5b48565d-82ab-49b1-b4e5-43d1148b438e_1594_3349_249_712.png,pepsi_max-pet-2.0,5
data/train/pepsi_max-pet-2.0/5b48565d-82ab-49b1-b4e5-43d1148b438e_1184_3360_240_697.png,pepsi_max-pet-2.0,5
data/train/pepsi_max-pet-2.0/5b48565d-82ab-49b1-b4e5-43d1148b438e_1381_3353_251_696.png,pepsi_max-pet-2.0,5
data/train/pepsi_max-pet-2.0/49ea8622-08d2-482c-8e47-85e534c2663e_2088_2408_197_594.png,pepsi_max-pet-2.0,5
data/train/pepsi_max-pet-2.0/49ea8622-08d2-482c-8e47-85e534c2663e_1912_2427_210_563.png,pepsi_max-pet-2.0,5
data/train/pepsi_max-pet-2.0/20_2.png,pepsi_max-pet-2.0,5
data/train/pepsi_max-pet-2.0/36_0.png,pepsi_max-pet-2.0,5
data/train/pepsi_max-pet-2.0/34_1.png,pepsi_max-pet-2.0,5
data/train/pepsi_max-pet-2.0/17_0.png,pepsi_max-pet-2.0,5
data/train/pepsi_max-pet-2.0/13_0.png,pepsi_max-pet-2.0,5
data/train/pepsi_max-pet-2.0/25_2.png,pepsi_max-pet-2.0,5
data/train/pepsi_max-pet-2.0/39_0.png,pepsi_max-pet-2.0,5
data/train/pepsi_max-pet-2.0/30_0.png,pepsi_max-pet-2.0,5
data/train/pepsi_max-pet-2.0/22_1.png,pepsi_max-pet-2.0,5
data/train/pepsi_max-pet-2.0/11_1.png,pepsi_max-pet-2.0,5
data/train/pepsi_max-pet-2.0/19_0.png,pepsi_max-pet-2.0,5
data/train/pepsi_max-pet-2.0/0_0.png,pepsi_max-pet-2.0,5
data/train/pepsi_max-pet-2.0/18_0.png,pepsi_max-pet-2.0,5
data/train/pepsi_max-pet-2.0/15_2.png,pepsi_max-pet-2.0,5
data/train/pepsi_max-pet-2.0/26_2.png,pepsi_max-pet-2.0,5
data/train/pepsi_max-pet-2.0/15_0.png,pepsi_max-pet-2.0,5
data/train/pepsi_max-pet-2.0/9_2.png,pepsi_max-pet-2.0,5
data/train/pepsi_max-pet-2.0/24_0.png,pepsi_max-pet-2.0,5
data/train/pepsi_max-pet-2.0/5_2.png,pepsi_max-pet-2.0,5
data/train/pepsi_max-pet-2.0/2_2.png,pepsi_max-pet-2.0,5
data/train/pepsi_max-pet-2.0/16_2.png,pepsi_max-pet-2.0,5
data/train/pepsi_max-pet-2.0/23_2.png,pepsi_max-pet-2.0,5
data/train/pepsi_max-pet-2.0/19_2.png,pepsi_max-pet-2.0,5
data/train/pepsi_max-pet-2.0/14_2.png,pepsi_max-pet-2.0,5
data/train/pepsi_max-pet-2.0/13_2.png,pepsi_max-pet-2.0,5
data/train/pepsi_max-pet-2.0/32_0.png,pepsi_max-pet-2.0,5
data/train/pepsi_max-pet-2.0/28_1.png,pepsi_max-pet-2.0,5
data/train/pepsi_max-pet-2.0/6_2.png,pepsi_max-pet-2.0,5
data/train/pepsi_max-pet-2.0/12_1.png,pepsi_max-pet-2.0,5
data/train/pepsi_max-pet-2.0/33_0.png,pepsi_max-pet-2.0,5
data/train/pepsi_max-pet-2.0/18_1.png,pepsi_max-pet-2.0,5
data/train/pepsi_max-pet-2.0/37_0.png,pepsi_max-pet-2.0,5
data/train/pepsi_max-pet-2.0/34_2.png,pepsi_max-pet-2.0,5
data/train/pepsi_max-pet-2.0/10_1.png,pepsi_max-pet-2.0,5
data/train/pepsi_max-pet-2.0/41_2.png,pepsi_max-pet-2.0,5
data/train/pepsi_max-pet-2.0/14_1.png,pepsi_max-pet-2.0,5
data/train/pepsi_max-pet-2.0/3_1.png,pepsi_max-pet-2.0,5
data/train/pepsi_max-pet-2.0/27_2.png,pepsi_max-pet-2.0,5
data/train/pepsi_max-pet-2.0/16_1.png,pepsi_max-pet-2.0,5
data/train/pepsi_max-pet-2.0/1_1.png,pepsi_max-pet-2.0,5
data/train/pepsi_max-pet-2.0/8_2.png,pepsi_max-pet-2.0,5
data/train/pepsi_max-pet-2.0/28_0.png,pepsi_max-pet-2.0,5
data/train/pepsi_max-pet-2.0/2_0.png,pepsi_max-pet-2.0,5
data/train/pepsi_max-pet-2.0/29_0.png,pepsi_max-pet-2.0,5
data/train/pepsi_max-pet-2.0/20_1.png,pepsi_max-pet-2.0,5
data/train/pepsi_max-pet-2.0/40_1.png,pepsi_max-pet-2.0,5
data/train/pepsi_max-pet-2.0/10_0.png,pepsi_max-pet-2.0,5
data/train/pepsi_max-pet-2.0/29_2.png,pepsi_max-pet-2.0,5
data/train/pepsi_max-pet-2.0/6_1.png,pepsi_max-pet-2.0,5
data/train/pepsi_max-pet-2.0/7_1.png,pepsi_max-pet-2.0,5
data/train/pepsi_max-pet-2.0/4_0.png,pepsi_max-pet-2.0,5
data/train/pepsi_max-pet-2.0/37_1.png,pepsi_max-pet-2.0,5
data/train/pepsi_max-pet-2.0/12_2.png,pepsi_max-pet-2.0,5
data/train/pepsi_max-pet-2.0/3_2.png,pepsi_max-pet-2.0,5
data/train/pepsi_max-pet-2.0/30_2.png,pepsi_max-pet-2.0,5
data/train/pepsi_max-pet-2.0/4_1.png,pepsi_max-pet-2.0,5
data/train/pepsi_max-pet-2.0/15_1.png,pepsi_max-pet-2.0,5
data/train/pepsi_max-pet-2.0/21_2.png,pepsi_max-pet-2.0,5
data/train/pepsi_max-pet-2.0/8_0.png,pepsi_max-pet-2.0,5
data/train/pepsi_max-pet-2.0/28_2.png,pepsi_max-pet-2.0,5
data/train/pepsi_max-pet-2.0/24_1.png,pepsi_max-pet-2.0,5
data/train/pepsi_max-pet-2.0/31_2.png,pepsi_max-pet-2.0,5
data/train/pepsi_max-pet-2.0/1_2.png,pepsi_max-pet-2.0,5
data/train/pepsi_max-pet-2.0/18_2.png,pepsi_max-pet-2.0,5
data/train/pepsi_max-pet-2.0/26_1.png,pepsi_max-pet-2.0,5
data/train/pepsi_max-pet-2.0/9_1.png,pepsi_max-pet-2.0,5
data/train/pepsi_max-pet-2.0/0_1.png,pepsi_max-pet-2.0,5
data/train/pepsi_max-pet-2.0/8_1.png,pepsi_max-pet-2.0,5
data/train/pepsi_max-pet-2.0/27_0.png,pepsi_max-pet-2.0,5
data/train/pepsi_max-pet-2.0/31_0.png,pepsi_max-pet-2.0,5
data/train/pepsi_max-pet-2.0/20_0.png,pepsi_max-pet-2.0,5
data/train/pepsi_max-pet-2.0/5_1.png,pepsi_max-pet-2.0,5
data/train/pepsi_max-pet-2.0/33_2.png,pepsi_max-pet-2.0,5
data/train/pepsi_max-pet-2.0/42_0.png,pepsi_max-pet-2.0,5
data/train/pepsi_max-pet-2.0/3_0.png,pepsi_max-pet-2.0,5
data/train/pepsi_max-pet-2.0/11_0.png,pepsi_max-pet-2.0,5
data/train/pepsi_max-pet-2.0/25_1.png,pepsi_max-pet-2.0,5
data/train/pepsi_max-pet-2.0/12_0.png,pepsi_max-pet-2.0,5
data/train/pepsi_max-pet-2.0/10_2.png,pepsi_max-pet-2.0,5
data/train/pepsi_max-pet-2.0/31_1.png,pepsi_max-pet-2.0,5
data/train/pepsi_max-pet-2.0/33_1.png,pepsi_max-pet-2.0,5
data/train/pepsi_max-pet-2.0/2_1.png,pepsi_max-pet-2.0,5
data/train/pepsi_max-pet-2.0/43_2.png,pepsi_max-pet-2.0,5
data/train/pepsi_max-pet-2.0/43_0.png,pepsi_max-pet-2.0,5
data/train/pepsi_max-pet-2.0/30_1.png,pepsi_max-pet-2.0,5
data/train/pepsi_max-pet-2.0/17_1.png,pepsi_max-pet-2.0,5
data/train/pepsi_max-pet-2.0/1_0.png,pepsi_max-pet-2.0,5
data/train/pepsi_max-pet-2.0/42_1.png,pepsi_max-pet-2.0,5
data/train/pepsi_max-pet-2.0/38_2.png,pepsi_max-pet-2.0,5
data/train/pepsi_max-pet-2.0/32_2.png,pepsi_max-pet-2.0,5
data/train/pepsi_max-pet-2.0/36_1.png,pepsi_max-pet-2.0,5
data/train/pepsi_max-pet-2.0/35_2.png,pepsi_max-pet-2.0,5
data/train/pepsi_max-pet-2.0/21_1.png,pepsi_max-pet-2.0,5
data/train/pepsi_max-pet-2.0/16_0.png,pepsi_max-pet-2.0,5
data/train/pepsi_max-pet-2.0/19_1.png,pepsi_max-pet-2.0,5
data/train/pepsi_max-pet-2.0/27_1.png,pepsi_max-pet-2.0,5
data/train/pepsi_max-pet-2.0/14_0.png,pepsi_max-pet-2.0,5
data/train/pepsi_max-pet-2.0/32_1.png,pepsi_max-pet-2.0,5
data/train/pepsi_max-pet-2.0/23_0.png,pepsi_max-pet-2.0,5
data/train/pepsi_max-pet-2.0/0_2.png,pepsi_max-pet-2.0,5
data/train/pepsi_max-pet-2.0/6_0.png,pepsi_max-pet-2.0,5
data/train/pepsi_max-pet-2.0/7_2.png,pepsi_max-pet-2.0,5
data/train/pepsi_max-pet-2.0/40_2.png,pepsi_max-pet-2.0,5
data/train/pepsi_max-pet-2.0/38_1.png,pepsi_max-pet-2.0,5
data/train/pepsi_max-pet-2.0/40_0.png,pepsi_max-pet-2.0,5
data/train/pepsi_max-pet-2.0/41_1.png,pepsi_max-pet-2.0,5
data/train/pepsi_max-pet-2.0/43_1.png,pepsi_max-pet-2.0,5
data/train/pepsi_max-pet-2.0/22_2.png,pepsi_max-pet-2.0,5
data/train/pepsi_max-pet-2.0/9_0.png,pepsi_max-pet-2.0,5
data/train/pepsi_max-pet-2.0/7_0.png,pepsi_max-pet-2.0,5
data/train/pepsi_max-pet-2.0/29_1.png,pepsi_max-pet-2.0,5
data/train/pepsi_max-pet-2.0/11_2.png,pepsi_max-pet-2.0,5
data/train/pepsi_max-pet-2.0/25_0.png,pepsi_max-pet-2.0,5
data/train/pepsi_max-pet-2.0/34_0.png,pepsi_max-pet-2.0,5
data/train/pepsi_max-pet-2.0/41_0.png,pepsi_max-pet-2.0,5
data/train/pepsi_max-pet-2.0/26_0.png,pepsi_max-pet-2.0,5
data/train/pepsi_max-pet-2.0/13_1.png,pepsi_max-pet-2.0,5
data/train/pepsi_max-pet-2.0/23_1.png,pepsi_max-pet-2.0,5
data/train/pepsi_max-pet-2.0/4_2.png,pepsi_max-pet-2.0,5
data/train/pepsi_max-pet-2.0/42_2.png,pepsi_max-pet-2.0,5
data/train/pepsi_max-pet-2.0/35_0.png,pepsi_max-pet-2.0,5
data/train/pepsi_max-pet-2.0/39_1.png,pepsi_max-pet-2.0,5
data/train/pepsi_max-pet-2.0/17_2.png,pepsi_max-pet-2.0,5
data/train/pepsi_max-pet-2.0/36_2.png,pepsi_max-pet-2.0,5
data/train/pepsi_max-pet-2.0/24_2.png,pepsi_max-pet-2.0,5
data/train/pepsi_max-pet-2.0/21_0.png,pepsi_max-pet-2.0,5
data/train/pepsi_max-pet-2.0/5_0.png,pepsi_max-pet-2.0,5
data/train/pepsi_max-pet-2.0/37_2.png,pepsi_max-pet-2.0,5
data/train/pepsi_max-pet-2.0/39_2.png,pepsi_max-pet-2.0,5
data/train/pepsi_max-pet-2.0/35_1.png,pepsi_max-pet-2.0,5
data/train/pepsi_max-pet-2.0/22_0.png,pepsi_max-pet-2.0,5
data/train/pepsi_max-pet-2.0/38_0.png,pepsi_max-pet-2.0,5
